remembered conversation kadhafi libyan cut river crocodiles maklt,1,0,0,0,0,1,0
posted page arif al-haq bin mohammed steadfastness compelling somewhere libyan desert ben nayel amer abdullah gaddafi sincere greetings best wishes brothers brothers french people movement yellow jackets,1,0,1,0,0,1,1
 ian oh create trouble gaddafi tried ,1,0,0,0,0,1,0
western hypocrisy repeated frenchman says trump interfere internal affairs bombed iraq syria libya,1,0,0,0,0,1,1
union sudanese mujahideen les armed movements first libya fought caspian fall regime dictator zio,1,0,0,0,0,1,1
lead saddam khalid awlad hafter get promotions higher ranks rewarded hafar's wounded soldiers negligently pork watched complaint russia video,0,1,0,0,0,1,0
martyrdom zain al-khajkhaj fought gaddafi kharij state organization martyred militias hafar al-muqallab state february revolution. sons february targeted counter-revolution name fighting terrorism muslim brotherhood fighting martyrs revolutionaries benghazi derna.,1,0,0,0,0,1,1
recent history tells us beginning actual fall muammar gaddafi added great word country people,1,0,1,0,0,1,1
video wounded hafer pork,1,0,0,0,0,1,0
listen gaddafi's recordings hamdeen want sabotage destroy divide kingdom stab us back enough make,1,0,-1,0,0,1,1
glory god world took intervene khashoggi case saudi arabia political interests bombing planes libya prevent,1,0,0,0,0,1,1
former french president nicolas sarkozy said interview french channel ii revolution libya set date,1,0,0,0,0,1,1
hey hassra saudi words crooked unspeakable unbelievable intolerable every word reality reversed siege war yemen support hafir libya anti - palestinian resistance speaking support security stability like chicken eggs scattered dust around screams free whiteness whiteness silence qarf saudi arabia hypocrisy lies,1,0,1,0,0,1,1
egyptian people libyan people punished,1,0,0,0,0,1,1
demonstrations yellow jackets reminded sarkozy's insistence aboriginal party al-jazeera stupid gaddafi repulsed echoed,1,0,0,0,0,1,1
demonstrations yellow jackets reminded sarkozy's insistence aboriginal party al-jazeera stupid gaddafi repulsed echoed,1,0,0,0,0,1,1
demonstrations yellow jackets reminded sarkozy's insistence aboriginal party al-jazeera stupid gaddafi repulsed echoed,1,0,0,0,0,1,1
uae occupied yemen 's ports islands supported bloody coup egypt. criminal financed crime libya attempted orchestrate coup tunisia,1,0,0,0,0,1,1
jarral lie lies justice justice tatabna love hatred evidence words master gaddafi yakhi defect god defect,1,0,0,0,0,1,0
 libya conte meets haftar rome politics ansamed agenzia ansa https co sxlf anyys https co iztv ucbna ,1,0,0,0,0,1,0
 rt melghadi saudi funded salafis playing sides libya civil war https co zk q rydrw via middleeasteye ,1,0,0,0,0,1,1
 paris france continued big debt libya french secret service killed gaddafi sarkozy orders reports https co wojrwlpoln https co w qyn lp ,1,0,0,0,0,1,1
came womb nation nasser al-gaddafi assad saddam nimeiri ali saleh umm al-qahba mtlm mother,1,0,0,0,0,1,0
italy intensifies move crisis prime minister conte announced week's meeting hafater el serag libya italy benefit sinking macron dissolution yellow jackets european union foreign ministers discuss libyan situation monday,1,0,0,0,0,1,0
 frenchspring arab nato go bomb shit macron police militia drive palace gaddafi style https co enrbzixgn ,1,0,0,0,0,1,0
recent history tells us beginning actual fall muammar gaddafi added great word country people,1,0,1,0,0,1,1
 frenchspring arab nato go bomb shit macron militia drive palace gaddafi style https co enrbzixgn ,1,0,-1,0,0,1,0
move moron corrupt gang followed armies states tyranny followed gaddafi four decades regret rejoice children die hands this person fights leader build homeland majority consolation,1,0,0,0,0,1,0
absent field cost much libya western intervention year overthrow late libyan leader maam,1,0,0,0,0,1,1
 hillary emails reveal nato killed gaddafi stop libyan creation gold backed currency global research https co ftefgmkfz ,1,0,0,0,0,1,0
news gaddafi bashar al-assad saying,1,0,0,0,0,1,1
religion muslim brotherhood destruction destruction islam,1,0,0,0,0,1,0
news gaddafi bashar al-assad saying,1,0,0,0,0,1,1
forget way hafter forms,1,0,0,0,0,1,0
 w thought putin soul looked eyes muammar gaddafi bad guy ,1,0,-1,0,0,1,0
news new meeting hafter alsraj coming days auspices giuseppe conti head italian government,1,0,0,0,0,1,0
abdul latif occupy chalabi mercenaries arms west pretext victory islam saad saad al - faqih,1,0,0,0,0,1,1
talalham makron b text forgot first demonstration benghazi killed kill also tripoli gaddafi defeated preparations say raped sermons saraya happen tripoli tddek infrastructure hands demonstrators thefts fall gaddafi regime kills citizen criminal,1,0,0,0,0,1,0
 rt filomen thread present evidence invasion libya date proofs death gaddafi son ,1,0,0,0,0,1,1
demonstrations yellow jackets reminded sarkozy's insistence aboriginal party al-jazeera stupid gaddafi repulsed echoed,1,0,0,0,0,1,1
recent history tells us beginning actual fall muammar gaddafi added great word country people,1,0,1,0,0,1,1
saddam khalid awlad haftar get promotions higher ranks rewarded hafar's wounded soldiers negligently pork saw complaint russia video,0,1,0,1,0,1,0
huesca chances game dangerous chances real huesca better real madrid general latest voice gaddafi huesca worth loss deserve win huesca real madrid real madrid huesca,1,0,1,0,0,1,1
qatar conspired gaddafi saudi arabia recordings exist tried provoke kuwaiti people government records exist want country opened doors turks persians genest countries world arab recruited mercenaries opened channels abuse saudi arabia special gulf summit,1,0,0,0,0,1,0
 paris france continued big debt libya french secret service killed gaddafi sarkozy orders reports https co wojrwlpoln ,1,0,0,0,0,1,1
demonstrations yellow jackets reminded sarkozy's insistence aboriginal party al-jazeera stupid gaddafi repulsed echoed,1,0,0,0,0,1,1
 spoken mannocchia middleeasteye increasing influence madkhalis libya https co n tvp kezj ,1,0,0,0,0,1,0
day betrayed close god join quarter gaddafi ally betrayal turned betrayal apply blood forget support houthis hypocrites dogs,1,0,0,0,0,1,1
 drmahmoudrefaat naderhasan paris france continued big debt libya french secret service killed gaddafi sarkozy orders reports https co wojrwlpoln ,1,0,0,0,0,1,1
attempt assassinate king abdullah conspiracy gaddafi divide saudi support coupists bahrain support members secret organization uae,1,0,0,0,0,1,1
africans saved gaddafi called sisi,1,0,0,0,0,1,0
 vityzeva tepanchinceva paris france continued big debt libya french secret service killed gaddafi sarkozy orders reports https co wojrwlpoln ,1,0,0,0,0,1,1
demonstrations yellow jackets reminded sarkozy's insistence aboriginal party al-jazeera stupid gaddafi repulsed echoed,1,0,0,0,0,1,1
 redfishstream paris france continued big debt libya french secret service killed gaddafi sarkozy orders reports https co wojrwlpoln ,1,0,0,0,0,1,1
 le figaro paris france continued big debt libya french secret service killed gaddafi sarkozy orders reports https co wojrwlpoln ,1,0,0,0,0,1,1
 frenchspring support call arab nato wise leadership mbs bomb shit macron police militia drive palace gaddafi style https co enrbzixgn ,1,0,1,0,0,1,1
demonstrations yellow jackets reminded sarkozy's insistence aboriginal party al-jazeera stupid gaddafi repulsed echoed,1,0,0,0,0,1,1
demonstrations yellow jackets reminded sarkozy's insistence aboriginal party al-jazeera stupid gaddafi repulsed echoed,1,0,0,0,0,1,1
 rt almaghribtoday haftar denies intention lead military coup country https co jhgvtbaxcm almaghribtoday ,1,0,0,0,0,1,1
service libya days independence days gaddafi donated post company transport cars transport staff manage training. car boards reasonable united nations program. leader muammar gaddafi born. muhammed muammar gaddafi receives charity united nations,1,0,0,0,0,1,1
fakio hamdeen u say gaddafi section yawati,1,0,0,0,0,1,0
 delemomodu absolutely never learn nothing good achieved use crude force people even god gave us right choose beginning adam eve saddam idi amin gaddafi believed use force shall pass ,1,0,-1,0,0,1,0
know know basis secret mkntsh tby say say dog dog haram compares betray extent betrayed kharij qadda betrayed gaddafi betrayed every bit pig friend hkvk pig,1,0,1,0,0,1,0
registration hamdeen qadhafi still ringing ears this want solution want closeness.,1,0,-1,0,0,1,0
saw al-qaradawi elders terrorist brothers going gaddafi's tent libya mission ended attempt,1,0,0,0,0,1,1
demonstrations yellow jackets reminded sarkozy's insistence aboriginal party al-jazeera stupid gaddafi repulsed echoed,1,0,0,0,0,1,1
 reuters april french president agreed supply protesters weapons libya libyan oil ousted gaddafi rule libya https co davs dlhb ,1,0,0,0,0,1,0
 day death muammar gaddafi saw existence made endless realities felt suffering joy saw eye god saw halo around saw heaven hell go sides passage unknown doubt reality yoyoyolandi stoned ,1,0,0,0,0,1,0
glory god world took intervene khashoggi case saudi arabia political interests bombing planes libya prevent,1,0,0,0,0,1,1
lord darkness slaves france betrayed libya leader gaddafi years comes punishment killers gaddafi burning libya,1,0,0,0,0,1,0
attempt assassinate king abdullah conspiracy gaddafi divide saudi support coupists bahrain support members secret organization uae,1,0,0,0,0,1,1
attempt assassinate king abdullah conspiracy gaddafi divide saudi support coupists bahrain support members secret organization uae,1,0,0,0,0,1,1
duty jabir teach children friend enemy even teacher show even audio recordings gm,1,0,0,0,0,1,1
 gaddafi letter death https co evtlnvvykd via youtube ,1,0,0,0,0,1,0
al-qaradawi calls killing gaddafi called religion kill people call sedition far islam qaradawi speaks name religion embraced qatar maker sedition destruction,1,0,0,0,0,1,0
hafeter rome protect italian interests libya,1,0,0,0,0,1,0
al-qaradawi calls killing gaddafi called religion kill people call sedition far islam,1,0,0,0,0,1,1
 rt lhamapum day death muammar gaddafi saw existence made endless realities felt suffering joy saw ,1,0,0,0,0,1,1
malomk yeman bahrahah freakah gaddafi bashar saleh,1,0,0,0,0,1,0
steal banks shops happened france situation lover's son hafter bdb bijnab kdrsh heard fire benghazi prepared justify seven billion sewage,1,0,0,0,0,1,0
al-qaradawi calls killing gaddafi called religion kill people call sedition far islam,1,0,0,0,0,1,1
al-qaradawi calls killing gaddafi called religion kill people call sedition far islam,1,0,0,0,0,1,1
recent history tells us beginning actual fall muammar gaddafi added great word country people,1,0,1,0,0,1,1
 imamofpeace told courageous man ever seen treat people piss poor said gaddafi treated people pretty piss poor remember happen gaddafi people got hands good luck ,1,0,1,0,0,1,0
fought years enemies aggressors kinds gaddafi brigades organization external state ended militias hafter agent france rulers egypt russia uae aggressor city darnah,1,0,0,0,0,1,0
al-qaradawi calls killing gaddafi called religion kill people call sedition far islam,1,0,0,0,0,1,1
arab newspapers alsaraj calls haftar meet capital tripoli tell sarraj hafter jake atrablas without support,0,1,0,0,0,1,1
demonstrations yellow jackets reminded sarkozy's insistence aboriginal party al-jazeera stupid gaddafi repulsed echoed,1,0,0,0,0,1,1
al-qaradawi calls killing gaddafi called religion kill people call sedition far islam,1,0,0,0,0,1,1
recent history tells us beginning actual fall muammar gaddafi added great word country people,1,0,1,0,0,1,1
president libya muammar al-gaddafi congratulates meeting you well,1,0,0,0,0,1,0
demonstrations yellow jackets reminded sarkozy's insistence aboriginal party al-jazeera stupid gaddafi repulsed echoed,1,0,0,0,0,1,1
azmi flies whatever situation whatever tragedy matter many members family died bombs assad israel gaddafi,1,0,0,0,0,1,1
uae occupied yemen 's ports islands supported bloody coup egypt. criminal financed crime libya attempted orchestrate coup tunisia,1,0,0,0,0,1,1
hala militia driven military college graduate instead militia led graduate afghanistan boslim era promised martyr field marshal khalifa war hafer general commander alaa baqal share paper heat,1,0,0,0,0,1,1
demonstrations yellow jackets reminded sarkozy's insistence aboriginal party al-jazeera stupid gaddafi repulsed echoed,1,0,0,0,0,1,1
posted page aref al - haq bin mohammed steadfastness qahmhm somewhere libyan desert ben nayel amer abdullah gaddafi,1,0,0,0,0,1,1
question benefit works hafater misurata tenderness tripoli ruled libya tomorrow party mahmoud jibril ali salabi abdelhakim belhadj moved france except hafer,1,0,0,0,0,1,1
 beebah melettas kthopkins predicted years ago getting rid gaddafi sarkosy ideabecause corrupt wanker italians berlusconi wanted keep aroundbecause controlled border everyone quick wag finger berlusconi ok ,1,0,0,0,0,1,0
 jjauthor told macron night courage man treat people piss poor said gaddafi treated people pretty piss poor remember happen gaddafi people got hands right good luck lololol ,1,0,0,0,0,1,0
martyr qadhafi ashraf famous manakas doubt,1,0,1,0,0,1,1
knowing barn east salwa hero wonder treachery birth take students baller owner gaddafi betrayed killing intelligence officer owner ali saleh betrayed killer hand intelligence officer hiccups neighbors twenty years come body man knows meet value,1,0,0,0,0,1,1
uae occupied yemen 's ports islands supported bloody coup egypt. criminal financed crime libya attempted orchestrate coup tunisia,1,0,0,0,0,1,1
 si g jw wood yvonnegetcarter fleurcompassion steve starrchildddddd pwoodfall ohroyalone dragonsoul fire trutherbotanyo chickenthewolf fredthefish dixiedoodle mrkmrkmoh cjsienna searchforbreezy draegoth peteno crowder ron frank dnim eerf bizi itiswhatitisxox pakamamanirenew sweposten biggy bakkmatt helenbroughto whereangelsdare ms revisionista windowlesssolid sheatruthseeker beforethestars chivalryanon javaidshaikh jpn pmo mofajapan en japan moeedi shahidmasooddr gods spy yourmarklubbers end thefederalr ian sheenaparish edwardg weatheredhype awakealert tracytlm wrathanon gaddafi jfk speech https co frhdg dnqs weeks later https co ckajzf https co cckezjwsev ,1,0,0,0,0,1,1
al-qaradawi calls killing gaddafi called religion kill people call sedition far islam,1,0,0,0,0,1,1
demonstrations yellow jackets reminded sarkozy's insistence aboriginal party al-jazeera stupid gaddafi repulsed echoed,1,0,0,0,0,1,1
demonstrations yellow jackets reminded sarkozy's insistence aboriginal party al-jazeera stupid gaddafi repulsed echoed,1,0,0,0,0,1,1
qatar comes arab fall remember al-qaradawi's sermons fatwa kill gaddafi remember qataris saw libya,1,0,0,0,0,1,0
duty jabir teach children friend enemy even teacher show even audio recordings gm,1,0,0,0,0,1,1
al-qaradawi calls killing gaddafi called religion kill people call sedition far islam,1,0,0,0,0,1,1
uae occupied yemen 's ports islands supported bloody coup egypt. criminal financed crime libya attempted orchestrate coup tunisia,1,0,0,0,0,1,1
saw al-qaradawi elders terrorist brothers going gaddafi's tent libya mission ended attempt,1,0,0,0,0,1,1
al-qaradawi calls killing gaddafi called religion kill people call sedition far islam,1,0,0,0,0,1,1
al-qaradawi calls killing gaddafi called religion kill people call sedition far islam,1,0,0,0,0,1,1
 good morning samantha power remember hillary twisted president obama arm removing gaddafi better judgment leading destruction lybia human slavery open air markets ,1,0,0,0,0,1,0
malicious terrorist gaddafi's blood neck blood hundreds thousands spring countries hebrew,1,0,0,0,0,1,0
 rt partisangirl ussyomar france leading country gaddafi yemen forgot capslock ,1,0,0,0,0,1,1
malicious terrorist gaddafi's blood neck blood hundreds thousands spring countries hebrew,1,0,0,0,0,1,1
demonstrations yellow jackets reminded sarkozy's insistence aboriginal party al-jazeera stupid gaddafi repulsed echoed,1,0,0,0,0,1,1
al-qaradawi calls killing gaddafi called religion kill people call sedition far islam,1,0,0,0,0,1,1
 karinissharing hellakurdish nora xbbx yes exactly similar news abt libya reports abt gaddafi many use socialist propaganda justify cruelties even agree points abt socialist govs west onyl wanted gone cooperate many ways still wrong ,1,0,-1,0,0,1,1
recent history tells us beginning actual fall muammar gaddafi added great word country people,1,0,1,0,0,1,1
 rt marktrueblood good morning samantha power remember hillary twisted president obama arm removing gaddafi agains ,1,0,0,0,0,1,1
al-qaradawi calls killing gaddafi called religion kill people call sedition far islam,1,0,0,0,0,1,1
malicious terrorist gaddafi's blood neck blood hundreds thousands spring countries hebrew,1,0,0,0,0,1,1
correspondent mohsen noureddine burns france you negro negro right-winger gaddafi,1,0,1,0,0,1,1
malicious terrorist gaddafi's blood neck blood hundreds thousands spring countries hebrew,1,0,0,0,0,1,1
demonstrations yellow jackets reminded sarkozy's insistence aboriginal party al-jazeera stupid gaddafi repulsed echoed,1,0,0,0,0,1,1
 kmjohalloran mattzarb look progressive laughed killing gaddafi destroying libya https co dxwgo md ,1,0,0,0,0,1,0
al-qaradawi calls killing gaddafi called religion kill people call sedition far islam,1,0,0,0,0,1,1
remember days beginning chaos libya claimed raped men gaddafi revolution months back,1,0,0,0,0,1,1
correspondent mohsen noureddine burns france you negro negro right-winger gaddafi,1,0,1,0,0,1,1
 ssshhhaaaaaaaaa samanarbabi tparsi explain slaves existed libya gaddafi everyone received everything state ,1,0,0,0,0,1,0
malicious terrorist gaddafi's blood neck blood hundreds thousands spring countries hebrew,1,0,0,0,0,1,1
 rt marktrueblood good morning samantha power remember hillary twisted president obama arm removing gaddafi agains ,1,0,0,0,0,1,1
al-qaradawi calls killing gaddafi called religion kill people call sedition far islam,1,0,0,0,0,1,1
want gulf meat benefit people mad listening mobilizing. qatar mobilized mercenaries opened channels them. conspired gaddafi hosted najadi president iran one summits gcc mean history mercy salvation.,1,0,0,0,0,1,0
demonstrations yellow jackets reminded sarkozy's insistence aboriginal party al-jazeera stupid gaddafi repulsed echoed,1,0,0,0,0,1,1
al-qaradawi calls killing gaddafi called religion kill people call sedition far islam,1,0,0,0,0,1,1
whole world knows muammar al-qadhafi killed qatari colonel al-marri also killed ali abdullah saleh,1,0,0,0,0,1,0
al-qaradawi calls killing gaddafi called religion kill people call sedition far islam,1,0,0,0,0,1,1
hafeter rome protect italian interests libya ramzi morrakas libya,1,0,0,0,0,1,1
malicious terrorist gaddafi's blood neck blood hundreds thousands spring countries hebrew,1,0,0,0,0,1,1
al-qaradawi calls killing gaddafi called religion kill people call sedition far islam,1,0,0,0,0,1,1
demonstrations yellow jackets reminded sarkozy's insistence aboriginal party al-jazeera stupid gaddafi repulsed echoed,1,0,0,0,0,1,1
mystery gaddafi's appearance parisian stadium brought hope back supporters return,1,0,0,0,0,1,1
demonstrations yellow jackets reminded sarkozy's insistence aboriginal party al-jazeera stupid gaddafi repulsed echoed,1,0,0,0,0,1,1
non-satirical biography safi saeed gaddafi great man,1,0,1,0,0,1,1
uae occupied yemen 's ports islands supported bloody coup egypt. criminal financed crime libya attempted orchestrate coup tunisia,1,0,0,0,0,1,1
non-satirical biography safi saeed gaddafi great man,1,0,1,0,0,1,1
malicious terrorist gaddafi's blood neck blood hundreds thousands spring countries hebrew,1,0,0,0,0,1,1
demonstrations yellow jackets reminded sarkozy's insistence aboriginal party al-jazeera stupid gaddafi repulsed echoed,1,0,0,0,0,1,1
malicious terrorist gaddafi's blood neck blood hundreds thousands spring countries hebrew,1,0,0,0,0,1,1
sheikh mohammed aman al - jami time omar mukhtar hahahahahhh account holder ahunji trivial liar basis sultan harem mesh sultan scientists know bottom gaddafi bashar al - assad proud take pictures,1,0,1,0,0,1,0
say guest host represents government qatar organization terrorist hamdeen loyalty carry orders meet demands guest anyone one ring organization hamdin owner recordings gaddafi ruaa re-listen recordings imagine guests brag,1,0,0,0,0,1,0
uae occupied yemen 's ports islands supported bloody coup egypt. criminal financed crime libya attempted orchestrate coup tunisia,1,0,0,0,0,1,1
malicious terrorist gaddafi's blood neck blood hundreds thousands spring countries hebrew,1,0,0,0,0,1,1
malicious terrorist gaddafi's blood neck blood hundreds thousands spring countries hebrew,1,0,0,0,0,1,1
glory syrian revolution uproot assad dog magi glory egyptian revolution uproot sissy dog ​​of israel glory libyan revolution strike khazqa back haftar unify libya expel invaders glory arab revolutions build glory arabs muslims despite noses hateful,1,0,-1,0,0,1,0
say guest host represents government qatar organization terrorist hamdeen loyalty carry orders meet demands guest anyone one ring organization hamdin owner recordings gaddafi ruaa re-listen recordings imagine guests brag,1,0,0,0,0,1,0
malicious terrorist gaddafi's blood neck blood hundreds thousands spring countries hebrew,1,0,0,0,0,1,1
al-sarraj calls haftar visit tripoli,0,1,0,0,0,1,0
speak twenty years hosted opponents saudi arabia opposes kuwait rest gulf inciting coups signing hamad qadhafi conspiracies gulf jay says kaseid yazin songs.,1,0,0,0,0,1,0
 conte says meet field marshal haftar al sarraj week address libya libyan address journal https co khz cwj ks ,1,0,0,0,0,1,0
demonstrations yellow jackets reminded sarkozy's insistence aboriginal party al-jazeera stupid gaddafi repulsed echoed,1,0,0,0,0,1,1
demonstrations yellow jackets reminded sarkozy's insistence aboriginal party al-jazeera stupid gaddafi repulsed echoed,1,0,0,0,0,1,1
al-qaradawi calls killing gaddafi called religion kill people call sedition far islam,1,0,0,0,0,1,1
uae occupied yemen 's ports islands supported bloody coup egypt. criminal financed crime libya attempted orchestrate coup tunisia,1,0,0,0,0,1,1
truth shortness era gaddafi sell dust country zionists pray flags zionists take teachings president revolution revolution people sorry say,1,0,1,0,0,1,1
al-qaradawi calls killing gaddafi called religion kill people call sedition far islam,1,0,0,0,0,1,1
 vusinyamazana matigary kmutisi list includes nicaragua venezuela africa ghana nkrumah zaire lumumba burkina faso sankara recently libya gaddafi zim us wants unexplored uranium deposits return land white kith kin mdc puppets deliver ,1,0,0,0,0,1,0
qaddafi's supporters beginning february discover plot early say gaddafi dragged tribal conflicts neighbors lived old dregs convinced explain difference opinions libya around gaddafi february tribal affiliation nothing culture thought,1,0,0,0,0,1,1
saying angry talking qatar's conspiracy gaddafi $ 1 billion spent qatar destroy arab country even tunisia delivered talk support terrorists qatif purchase qatar luxury apartments turkey transfer money return companions take care avoid,1,0,-1,0,0,1,1
wished see young mule terrorist boys al-da'ashi mahmoud al-warfali behind bars tried atrocities crimes murder bloodshed displacement destruction social fabric looting billions libyans' livelihoods.,1,0,0,0,0,1,0
demonstrations yellow jackets reminded sarkozy's insistence aboriginal party al-jazeera stupid gaddafi repulsed echoed,1,0,0,0,0,1,1
tunisia context president putin receives letter leader saif al-islam gaddafi confirms russia's return libyan arena continuing war remnants terrorism egypt ranked first countries attracting foreign investment africa,1,0,0,0,0,1,0
god uncle imposed imposed afraid terrified edel responses remember gaddafi died,1,0,0,0,0,1,1
demonstrations yellow jackets reminded sarkozy's insistence aboriginal party al-jazeera stupid gaddafi repulsed echoed,1,0,0,0,0,1,1
demonstrations yellow jackets reminded sarkozy's insistence aboriginal party al-jazeera stupid gaddafi repulsed echoed,1,0,0,0,0,1,1
libyan campaign nominated support saif al-islam gaddafi run president,1,0,0,0,0,1,1
hafeter rome protect italian interests libya,1,0,0,0,0,1,1
sisi security egypt killing martyrs fourth imprisonment thousands young egyptians egypt become sharp despite wealth resources thanks salman al - jazm regarding prophet killing madri see sheikh sheikh mohammed bin jabr said ahtud al - saud face me coordinate qadhafi,1,0,0,0,0,1,1
honored proud still heroes muammar gaddafi sell depart principles loyalty god homeland adhere principles,1,0,1,0,0,1,1
former french president nicolas sarkozy said interview french channel ii revolution libya set date,1,0,0,0,0,1,1
al-qahtani al-gadhafi saying "you want read final communiqué arab summit take place week.,1,0,-1,0,0,1,0
uae occupied yemen's ports islands supported bloody coup egypt. criminal financed hafer libya tried orchestrate coup tunisia sudan,1,0,0,0,0,1,1
malicious terrorist gaddafi's blood neck blood hundreds thousands spring countries hebrew,1,0,0,0,0,1,1
 really close realdonaldtrump kids dealings completely recorded transcribed fool usa ask sadam found hole ground gaddafi missile caught sitting toilet noriega captured next day brand new cell stupid ,1,0,0,0,0,1,0
malicious terrorist gaddafi's blood neck blood hundreds thousands spring countries hebrew,1,0,0,0,0,1,1
look macron stationed support sisi arms kills egyptians even though know thug military coup supported hafter weapons libyans killed lord avenged back heart people gap front world zay bin salman manafkash weapon intelligence yellow jackets france,1,0,0,0,0,1,1
gulf summit facts differences weak useless war moral attrition humanism ruler must false long people enjoy gulf's huge money people must word spend dictates saddam gaddafi ali saleh biggest lesson,1,0,1,0,0,1,0
recent history tells us beginning actual fall muammar gaddafi added great word country people,1,0,1,0,0,1,1
attempt assassinate king abdullah conspiracy gaddafi divide saudi support coupists bahrain support members secret organization uae,1,0,0,0,0,1,1
recent history tells us beginning actual fall muammar gaddafi added great word country people,1,0,1,0,0,1,1
attempt assassinate king abdullah conspiracy gaddafi divide saudi support coupists bahrain support members secret organization uae,1,0,0,0,0,1,1
uae occupied yemen 's ports islands supported bloody coup egypt. criminal financed crime libya attempted orchestrate coup tunisia,1,0,0,0,0,1,1
 africans celebrate see gaddafi good man man tyrant dictator refused leave power africa thanking west helping remove one dictators boris ezomo https co vcm p vdp ,1,0,0,0,0,1,0
al-qaradawi calls killing gaddafi called religion kill people call sedition far islam,1,0,0,0,0,1,1
demonstrations yellow jackets reminded sarkozy's insistence aboriginal party al-jazeera stupid gaddafi repulsed echoed,1,0,0,0,0,1,1
glory god world took intervene khashoggi case saudi arabia political interests bombing planes libya prevent,1,0,0,0,0,1,1
demonstrations yellow jackets reminded sarkozy's insistence aboriginal party al-jazeera stupid gaddafi repulsed echoed,1,0,0,0,0,1,1
mu gaddafi,1,0,0,0,0,1,0
demonstrations yellow jackets reminded sarkozy's insistence aboriginal party al-jazeera stupid gaddafi repulsed echoed,1,0,0,0,0,1,1
us newspaper supporting sisi hafter threatens libya civil war,1,0,0,0,0,1,1
feeling vision novel saudi lie happening like gaddafi's face,1,0,-1,0,0,1,0
movement abdel wahid allied libyan forces haftar details,1,0,0,0,0,1,0
killing peoples gave us lost sisi vlos said slaughter martyrs fourth planes base slaughter yemen's children hunger flosna support hafter kill islamists consulates opened slaughter citizens,1,0,0,0,0,1,1
uae occupied yemen 's ports islands supported bloody coup egypt. criminal financed crime libya attempted orchestrate coup tunisia,1,0,0,0,0,1,1
god takes jakhine like outlet gaddafi khunah al,1,0,0,0,0,1,1
demonstrations yellow jackets reminded sarkozy's insistence aboriginal party al-jazeera stupid gaddafi repulsed echoed,1,0,0,0,0,1,1
 gaddafi good man defends people evil western world leaders watch truth fakenews medias https co l ipe ,1,0,0,0,0,1,0
 rt frank gaddafi good man defends people evil western world leaders watch truth fakenews media ,1,0,0,0,0,1,1
malicious terrorist gaddafi's blood neck blood hundreds thousands spring countries hebrew,1,0,0,0,0,1,1
attempt assassinate king abdullah conspiracy gaddafi divide saudi support coupists bahrain support members secret organization uae,1,0,0,0,0,1,1
also recordings gaddafi others division saudi arabia inform dirty cursing day night nothing repeat repeat previous siege siege seen provinces mu siege farqoo god tire us explain,1,0,0,0,0,1,1
attempt assassinate king abdullah conspiracy gaddafi divide saudi support coupists bahrain support members secret organization uae,1,0,0,0,0,1,1
love money others boast luxury cars villas many chasing forbidden love majority sanctify power,1,0,0,0,0,1,1
attempt assassinate king abdullah conspiracy gaddafi divide saudi support coupists bahrain support members secret organization uae,1,0,0,0,0,1,1
al-dahduh supported muslim brotherhood categorized terrorist group. works kingdom. joint forces betrayed it. southern border sound recordings hamad bin khalifa qaddafi hamad bin jassem. also recognized corrupting syrian revolution supporting terrorist groups.,1,0,0,0,0,1,1
al-qaradawi calls killing gaddafi called religion kill people call sedition far islam,1,0,0,0,0,1,1
records gaddafi qataris blurred,1,0,0,0,0,1,0
 rt ya anshekli fear haftar libya allies massacre libyans also attempt spread cancerous ide ,1,0,0,0,0,1,1
prince sabah already said member qatar media wished attorney general come stop talking social conflict reached symptoms heard recording najsa tank hamad gaddafi proved system worth blurring mud came gulf,1,0,0,0,0,1,1
al-qaradawi calls killing gaddafi called religion kill people call sedition far islam,1,0,0,0,0,1,1
malicious terrorist gaddafi's blood neck blood hundreds thousands spring countries hebrew,1,0,0,0,0,1,1
al-qaradawi calls killing gaddafi called religion kill people call sedition far islam,1,0,0,0,0,1,1
demonstrations yellow jackets reminded sarkozy's insistence aboriginal party al-jazeera stupid gaddafi repulsed echoed,1,0,0,0,0,1,1
demonstrations yellow jackets reminded sarkozy's insistence aboriginal party al-jazeera stupid gaddafi repulsed echoed,1,0,0,0,0,1,1
demonstrations yellow jackets reminded sarkozy's insistence aboriginal party al-jazeera stupid gaddafi repulsed echoed,1,0,0,0,0,1,1
demonstrations yellow jackets reminded sarkozy's insistence aboriginal party al-jazeera stupid gaddafi repulsed echoed,1,0,0,0,0,1,1
demonstrations yellow jackets reminded sarkozy's insistence aboriginal party al-jazeera stupid gaddafi repulsed echoed,1,0,0,0,0,1,1
gypsies barbarians people sensual saws teach us international laws difference boycott saw. past gaddafi mired it. surrounded dogs barking took bahim. give vinegar give registration instead you. satisfied yourself.,1,0,-1,0,0,1,0
al-qaradawi calls killing gaddafi called religion kill people call sedition far islam,1,0,0,0,0,1,1
uae occupied yemen 's ports islands supported bloody coup egypt. criminal financed crime libya attempted orchestrate coup tunisia,1,0,0,0,0,1,1
demonstrations yellow jackets reminded sarkozy's insistence aboriginal party al-jazeera stupid gaddafi repulsed echoed,1,0,0,0,0,1,1
gaddafi looks like size,1,0,-1,0,0,1,0
 one famous massacres vs civilians misrata killed gaddafi snipers column insurance hq building https co k dzataovn ,1,0,0,0,0,1,0
attempt assassinate king abdullah conspiracy gaddafi divide saudi support coupists bahrain support members secret organization uae,1,0,0,0,0,1,1
al-qaradawi calls killing gaddafi called religion kill people call sedition far islam,1,0,0,0,0,1,1
demonstrations yellow jackets reminded sarkozy's insistence aboriginal party al-jazeera stupid gaddafi repulsed echoed,1,0,0,0,0,1,1
qaddafi asked habib bourguiba education budget high. bourguiba responded you. well-educated well-educated people revolt you. ignorant people make ignorant. ignorance makes us slaves. defend tyrants science entrance freedom social economic justice.,1,0,1,0,0,1,0
demonstrations yellow jackets reminded sarkozy's insistence aboriginal party al-jazeera stupid gaddafi repulsed echoed,1,0,0,0,0,1,1
demonstrations yellow jackets reminded sarkozy's insistence aboriginal party al-jazeera stupid gaddafi repulsed echoed,1,0,0,0,0,1,1
remember threatening latest video gaddafi's last,1,0,-1,0,0,1,0
owe laugh lord compensate arabs absence gaddafi foolish foolish man palpable heart.,1,0,1,0,0,1,1
talking global novels written giants philosophy sees gaddafi leader researcher issues thought philosophy since day read come across someone thinks gaddafi healthy person leader,1,0,0,0,0,1,0
criminal murderer libya support dahlan criminal hafter stop counterrevolution,1,0,0,0,0,1,1
al-seraj asks haftar visit tripoli. recognized high-ranking commander army,0,1,0,0,0,1,0
 pleshido sp js origins floydshivambu white pe banyile time fool african leaders like mandela kill like gaddafi use media paint see fools hope failure follow freinds canada ,1,0,0,0,0,1,0
 rt frank gaddafi good man defends people evil western world leaders watch truth fakenews media ,1,0,0,0,0,1,1
 laurenklair pepsigraps oggypart asked hitler point view say innocent one trump blair gaddafi ,1,0,0,0,0,1,1
urgent arab newspapers watch al-siraj calls hafer meet capital tripoli details see news receive new egy web,1,0,0,0,0,1,0
uae occupied yemen 's ports islands supported bloody coup egypt. criminal financed crime libya attempted orchestrate coup tunisia,1,0,0,0,0,1,1
 lejdd french foreign minister jean yves le drian touch us domestic policy want mutual say donald trump french president says leave people alone song something bad gaddafi able appreciate ,1,0,1,0,0,1,0
owe laugh lord compensate arabs absence gaddafi foolish foolish man palpable heart.,1,0,1,0,0,1,1
al - qamh al - khaleejah al - ayyam al - gaddafi said wanted read final statement arab summit held esb,1,0,-1,0,0,1,1
demonstrations yellow jackets reminded sarkozy's insistence aboriginal party al-jazeera stupid gaddafi repulsed echoed,1,0,0,0,0,1,1
al-maqibah talk unity security stability continue resolve crises support saudi arabia longer word credibility credibility laughed ahhabha thought appreciate laughter alalaim recklessness collapsed support wai continue siege country yemen war hafter libya somalia bombing syria trade palestine,1,0,0,0,0,1,1
al-qaradawi calls killing gaddafi called religion kill people call sedition far islam,1,0,0,0,0,1,1
god takes jakhine like outlet gaddafi khunah al,1,0,0,0,0,1,1
demonstrations yellow jackets reminded sarkozy's insistence aboriginal party al-jazeera stupid gaddafi repulsed echoed,1,0,0,0,0,1,1
israel america fear move remove crown prince lead fall regime collapse gaddafi regime plunge middle east,1,0,0,0,0,1,1
demonstrations yellow jackets reminded sarkozy's insistence aboriginal party al-jazeera stupid gaddafi repulsed echoed,1,0,0,0,0,1,1
owe laugh lord compensate arabs absence gaddafi foolish foolish man palpable heart.,1,0,1,0,0,1,1
 miambloom joshua landis azelin p vanostaeyen jihadists known name committed massacre syria religious hatred whose facebook account still active western intelligence services fear independent experts jihadists lead embarrassing revelations https co trsd rngyd ,1,0,0,0,0,1,1
al-qaradawi calls killing gaddafi called religion kill people call sedition far islam,1,0,0,0,0,1,1
gulf summit facts differences weak useless moral war attrition must stop humanity ruling ruler,1,0,0,0,0,1,1
unfortunate thing talk unity security stability continuity resolution crisis support saudi arabia longer,1,0,-1,0,0,1,1
owe laugh lord compensate arabs absence gaddafi foolish foolish man palpable heart.,1,0,1,0,0,1,1
libya comes new days kadhafi mfish hhrh estimated take nationality,1,0,0,0,0,1,0
owe laugh lord compensate arabs absence gaddafi foolish foolish man palpable heart.,1,0,1,0,0,1,1
recent history tells us beginning actual fall muammar gaddafi added great word country people,1,0,1,0,0,1,1
demonstrations yellow jackets reminded sarkozy's insistence aboriginal party al-jazeera stupid gaddafi repulsed echoed,1,0,0,0,0,1,1
 thinking fall grace beyonce performing indian billionaire remembered performed gaddafi lmao ,1,0,1,0,0,1,0
malicious terrorist gaddafi's blood neck blood hundreds thousands spring countries hebrew,1,0,0,0,0,1,1
al-qaradawi calls killing gaddafi called religion kill people call sedition far islam,1,0,0,0,0,1,1
attempt assassinate king abdullah conspiracy gaddafi divide saudi support coupists bahrain support members secret organization uae,1,0,0,0,0,1,1
al-qaradawi calls killing gaddafi called religion kill people call sedition far islam,1,0,0,0,0,1,1
owe laugh lord compensate arabs absence gaddafi foolish foolish man palpable heart.,1,0,1,0,0,1,1
israel america fear move remove crown prince lead fall regime collapse gaddafi regime plunge middle east,1,0,0,0,0,1,1
demonstrations yellow jackets reminded sarkozy's insistence aboriginal party al-jazeera stupid gaddafi repulsed echoed,1,0,0,0,0,1,1
demonstrations yellow jackets reminded sarkozy's insistence aboriginal party al-jazeera stupid gaddafi repulsed echoed,1,0,0,0,0,1,1
demonstrations yellow jackets reminded sarkozy's insistence aboriginal party al-jazeera stupid gaddafi repulsed echoed,1,0,0,0,0,1,1
uae occupied yemen 's ports islands supported bloody coup egypt. criminal financed crime libya attempted orchestrate coup tunisia,1,0,0,0,0,1,1
demonstrations yellow jackets reminded sarkozy's insistence aboriginal party al-jazeera stupid gaddafi repulsed echoed,1,0,0,0,0,1,1
al-qaradawi calls killing gaddafi called religion kill people call sedition far islam,1,0,0,0,0,1,1
 rt parodyhalpert dwight printed th geneva convention tear shreds loudly singing praises colonel gaddafi ,1,0,0,0,0,1,1
history hassan ii rejected gaddafi's request participate green march western sahara,1,0,0,0,0,1,1
april us fighter jets american fleet mediterranean launched air raids libya including bombing targets us military said military tripoli benghazi included residence libyan leader gaddafi following dispute presence american fleet gulf sirte,1,0,0,0,0,1,1
attempt assassinate king abdullah conspiracy gaddafi divide saudi support coupists bahrain support members secret organization uae,1,0,0,0,0,1,1
owe laugh lord compensate arabs absence gaddafi foolish foolish man palpable heart.,1,0,1,0,0,1,1
israel america fear move remove crown prince lead fall regime collapse gaddafi regime plunge middle east,1,0,0,0,0,1,1
demonstrations yellow jackets reminded sarkozy's insistence aboriginal party al-jazeera stupid gaddafi repulsed echoed,1,0,0,0,0,1,1
al-qaradawi calls killing gaddafi called religion kill people call sedition far islam,1,0,0,0,0,1,1
demonstrations yellow jackets reminded sarkozy's insistence aboriginal party al-jazeera stupid gaddafi repulsed echoed,1,0,0,0,0,1,1
wanted saudi arabia says yes mistakes trying invade qatar yes mistakes support haftar yes mistakes support houthi order abort revolution yemen yes mistakes support sisi hafter goulon yes mistakes reception zine el abidine tunisian criminal prison advocates,1,0,0,0,0,1,1
chad chadian president idriss deby addressing israeli prime minister broke previous relationship pressure muammar gaddafi,1,0,0,0,0,1,1
muammar al-qadhafi described one word,1,0,0,0,0,1,1
soon saif al-islam gaddafi arena start build libya save remains libya late,1,0,0,0,0,1,1
al-qaradawi calls killing gaddafi called religion kill people call sedition far islam,1,0,0,0,0,1,1
malicious terrorist gaddafi's blood neck blood hundreds thousands spring countries hebrew,1,0,0,0,0,1,1
brought gaddafi,1,0,0,0,0,1,0
owe laugh lord compensate arabs absence gaddafi foolish foolish man palpable heart.,1,0,1,0,0,1,1
demonstrations yellow jackets reminded sarkozy's insistence aboriginal party al-jazeera stupid gaddafi repulsed echoed,1,0,0,0,0,1,1
al-qaradawi calls killing gaddafi called religion kill people call sedition far islam,1,0,0,0,0,1,1
 bbusa started crumble minute obama took office hillary clinton became soc libya debaclew proximity europe lack following gaddafi murdered imperialistic globalist opened doors chaos mass migration exchange oilmoney gold ,1,0,0,0,0,1,1
libya raised image person similar former libyan leader gaddafi controversy fans champions league france appeared,1,0,0,0,0,1,1
 rt luv tvl bbusa started crumble minute obama took office hillary clinton became soc libya debaclew proximity ,1,0,0,0,0,1,1
 rt luv tvl bbusa started crumble minute obama took office hillary clinton became soc libya debaclew proximity ,1,0,0,0,0,1,1
malicious terrorist gaddafi's blood neck blood hundreds thousands spring countries hebrew,1,0,0,0,0,1,1
demonstrations yellow jackets reminded sarkozy's insistence aboriginal party al-jazeera stupid gaddafi repulsed echoed,1,0,0,0,0,1,1
peace upon comparison protests france happened libya. french dressed stupid carry arms destroy strong state destroy institutions country. brothers libya unfortunately caught trap main responsible happened libya gaddafi sarkozy,1,0,0,0,0,1,1
uae occupied yemen 's ports islands supported bloody coup egypt. criminal financed crime libya attempted orchestrate coup tunisia,1,0,0,0,0,1,1
demonstrations yellow jackets reminded sarkozy's insistence aboriginal party al-jazeera stupid gaddafi repulsed echoed,1,0,0,0,0,1,1
 make sure tell gaddafi ,1,0,1,0,0,1,0
saw al-qaradawi elders terrorist brothers going gaddafi's tent libya mission ended attempt,1,0,0,0,0,1,1
saw al-qaradawi elders terrorist brothers going gaddafi's tent libya mission ended attempt,1,0,0,0,0,1,1
saddam hussein gamal abdel nasser moamer kadhafi khomeini conspired went saudi arabia great saudi people remained,1,0,1,0,0,1,0
demonstrations yellow jackets reminded sarkozy's insistence aboriginal party al-jazeera stupid gaddafi repulsed echoed,1,0,0,0,0,1,1
demonstrations yellow jackets reminded sarkozy's insistence aboriginal party al-jazeera stupid gaddafi repulsed echoed,1,0,0,0,0,1,1
saddam hussein gamal abdel nasser moamer kadhafi khomeini conspired went saudi arabia people remained,1,0,1,0,0,1,1
saddam hussein gamal abdel nasser moamer kadhafi khomeini conspired went saudi arabia people remained,1,0,1,0,0,1,1
 amymek france kenya back leftist odinga reported jerome corsi honduras back leftist zelaya appease chavez libya usurp gaddafi islamist egypt mubarek muslim b hood macedonia usaid soros islamic socialist israel target netanyahu ,1,0,0,0,0,1,1
 rt luv tvl bbusa started crumble minute obama took office hillary clinton became soc libya debaclew proximity ,1,0,0,0,0,1,1
 rt luv tvl bbusa started crumble minute obama took office hillary clinton became soc libya debaclew proximity ,1,0,0,0,0,1,1
gulf summit facts differences weak useless moral war attrition must stop humanity ruling ruler,1,0,0,0,0,1,1
writer journalist muhammad al-yahyai get aziziyah palace meet late muammar gaddafi?,1,0,0,0,0,1,1
morocco algeria restore peace whole libyan arab country major reconciliation rejects followers turkey qatar,1,0,0,0,0,1,1
writer journalist muhammad al-yahyai get aziziyah palace meet late muammar gaddafi?,1,0,0,0,0,1,1
bride love song iraqi artist kazem el saher says eyes bride love led us eyes love gratitude sweet libyan amateur,1,0,0,0,0,1,1
criminal terrorist god avenge alive dead one turns country conspires country deserve mercy god mercy muammar gaddafi,1,0,0,0,0,1,0
al-qaradawi calls killing gaddafi called religion kill people call sedition far islam,1,0,0,0,0,1,1
biology ideology leader united nations muammar gaddafi father world's free biologists muhammad saif al-islam aisha saa,1,0,0,0,0,1,1
al-qaradawi calls killing gaddafi called religion kill people call sedition far islam,1,0,0,0,0,1,1
kadhafi see case libya today him terrorist,1,0,0,0,0,1,0
saddam hussein gamal abdel nasser moamer kadhafi khomeini conspired went saudi arabia people remained,1,0,1,0,0,1,1
 docseismic kann caro neeratanden joshfoxfilm call gaddafi winning international community calls mass killing civilians ,1,0,0,0,0,1,0
join hafter khalifa bataa state rtwit amen lord worlds leave brotherhood falls rule military civil disobedience boycotted metro boycotted economy brigades boycotted products merry pay bills revolution solution revolve words free citizen,0,1,0,0,0,1,1
demonstrations yellow jackets reminded sarkozy's insistence aboriginal party al-jazeera stupid gaddafi repulsed echoed,1,0,0,0,0,1,1
 rt luv tvl bbusa started crumble minute obama took office hillary clinton became soc libya debaclew proximity ,1,0,0,0,0,1,1
demonstrations yellow jackets reminded sarkozy's insistence aboriginal party al-jazeera stupid gaddafi repulsed echoed,1,0,0,0,0,1,1
twenty years organization hamdin criminal see programs island see positions hamad plot gaddafi saudi arabia question waived rule qatar turned father chair,1,0,0,0,0,1,0
like dirty war syria launched bashar al-hashimi intelligence chief ilk people libya going stabilize fugitive criminal haftar manufacture terrorism destruction war algeria launched french officers intelligence gia intelligence branch people examples,1,0,0,0,0,1,1
corruption gaddafi collapsing regime libyans dragged tunisia first place oil traffic benqardan,1,0,0,0,0,1,0
owe laugh lord compensate arabs absence gaddafi foolish foolish man palpable heart.,1,0,1,0,0,1,1
 sydrasmith kann caro neeratanden joshfoxfilm international community case pretty much cases meaning us nato dragged war anarchic hell still today gaddafi broken militias weeks ,1,0,0,0,0,1,0
fault one knows policy wishes split saudi arabia. audio recording qadhafi took summit audacity oppressed role oppressed ones fell face earth.,1,0,0,0,0,1,1
morocco algeria restore peace whole libyan arab country major reconciliation rejects followers turkey qatar,1,0,0,0,0,1,1
remember days beginning chaos libya claimed raped men gaddafi revolution months back,1,0,0,0,0,1,1
al-qaradawi calls killing gaddafi called religion kill people call sedition far islam,1,0,0,0,0,1,1
scholars last time killed blood neck said qaradawi gaddafi scientists accept blood draft controversy much blood shed several symptoms violated much money wasted scientists killers see believer,1,0,0,0,0,1,0
demonstrations yellow jackets reminded sarkozy's insistence aboriginal party al-jazeera stupid gaddafi repulsed echoed,1,0,0,0,0,1,1
solution government qatar? support protect brothers fleeing uae saudi arabia egypt ridiculed al jazeera kuwait bahrain year allied gaddafi kill king abdullah agreed qatar year points signed prince tamim abide government,1,0,0,0,0,1,1
duty jabir teach children friend enemy even teacher show even audio recordings gm,1,0,0,0,0,1,1
demonstrations yellow jackets reminded sarkozy's insistence aboriginal party al-jazeera stupid gaddafi repulsed echoed,1,0,0,0,0,1,1
al-qaradawi calls killing gaddafi called religion kill people call sedition far islam,1,0,0,0,0,1,1
owe laugh lord compensate arabs absence gaddafi foolish foolish man palpable heart.,1,0,1,0,0,1,1
spread banner overthrowing saddam falsely carried burden gaddafi followed people absent people saudi arabia mayar quarter sunni muslim allow sophistication hijaz shiites impure arrogance lost liar,1,0,0,0,0,1,1
uae occupied yemen 's ports islands supported bloody coup egypt. criminal financed crime libya attempted orchestrate coup tunisia,1,0,0,0,0,1,1
demonstrations yellow jackets reminded sarkozy's insistence aboriginal party al-jazeera stupid gaddafi repulsed echoed,1,0,0,0,0,1,1
uae occupied yemen 's ports islands supported bloody coup egypt. criminal financed crime libya attempted orchestrate coup tunisia,1,0,0,0,0,1,1
forgotten conspiracy hamad bin jassim gaddafi assassinate king abdullah al saud?,1,0,0,0,0,1,0
malicious terrorist gaddafi's blood neck blood hundreds thousands spring countries hebrew,1,0,0,0,0,1,1
demonstrations yellow jackets reminded sarkozy's insistence aboriginal party al-jazeera stupid gaddafi repulsed echoed,1,0,0,0,0,1,1
uae occupied yemen 's ports islands supported bloody coup egypt. criminal financed crime libya attempted orchestrate coup tunisia,1,0,0,0,0,1,1
hear old connection gaddafi emir qatar knows country malicious demonized devil slander god hastens salvation mother,1,0,0,0,0,1,0
demonstrations yellow jackets reminded sarkozy's insistence aboriginal party al-jazeera stupid gaddafi repulsed echoed,1,0,0,0,0,1,1
reason liquidation chieftain said hadwa hoe according statement,1,0,0,0,0,1,0
good maboa dnhm elite wanted destroy hishanm abuse moroccan killed day gangs haftar,1,0,0,0,0,1,1
 rt luv tvl bbusa started crumble minute obama took office hillary clinton became soc libya debaclew proximity ,1,0,0,0,0,1,1
 simaxis going well till included libya country decimated nato gaddafi everyone hero look country neo cons paid visit ,1,0,0,0,0,1,0
demonstrations yellow jackets reminded sarkozy's insistence aboriginal party al-jazeera stupid gaddafi repulsed echoed,1,0,0,0,0,1,1
long likes defending rulers insisting something europe libyan went mentally disturbed demanding fall gaddafi blessed departure supported levi spread sedition libya spirit shaving hair talking politics,1,0,0,0,0,1,1
gaddafi asked toilet,1,0,0,0,0,1,0
faleh shibli italy's ambitions libya still exist? role overthrow gaddafi colonial purposes,1,0,0,0,0,1,1
malicious terrorist gaddafi's blood neck blood hundreds thousands spring countries hebrew,1,0,0,0,0,1,1
faleh shibli italy's ambitions libya still exist? role overthrow gaddafi colonial purposes,1,0,0,0,0,1,1
takhil soul population benghazi tnwad morning welcome facebook watching al karama channel look forward street receive photos haftar everywhere fear coffee mabia edges,0,1,0,1,0,1,1
social leaders experts tortured gaddafi solve problems country fronts guests,1,0,0,0,0,1,1
qaradawi's origin far islam uses islam pretext fought god,1,0,1,0,0,1,0
italy organizes meeting hafter al - seraj,0,1,0,0,0,1,0
malicious terrorist gaddafi's blood neck blood hundreds thousands spring countries hebrew,1,0,0,0,0,1,1
ie displaced jezreelites commit suicide jazran al-safwa. days hand hand hafir al-taris. khater buried men benghazb hafter gezeran tikkira oil robbery starvation people slaying people.,1,0,0,0,0,1,1
patience saudi arabia cooperate attempt assassinate king abdullah failed kill gaddafi yemen paid money terrorists dissidents met opponents plan overthrow arab sister countries come evil one us hatred envy country,1,0,0,0,0,1,1
faleh shibli italy's ambitions libya still exist? role overthrow gaddafi colonial purposes,1,0,0,0,0,1,1
conversation intrigued qatari-saudi cooperation king abdullah's days. know gaddafi's intentions king informed directly. saudi delegation visited qatar time came back convinced idea. halssin talat shueh aql,1,0,0,0,0,1,0
displaced me leave land jazran al-safwa. days hand hand hafir al-taris. khater buried men benghazi haftar two necks oil thefts starvation people.,1,0,0,0,0,1,1
fault knows policy wishes divide saudi arabia audio recording,1,0,0,0,0,1,1
faleh shibli italy's ambitions libya still exist? role overthrow gaddafi colonial purposes,1,0,0,0,0,1,1
kuwait oman due gaddafi's records hearing despised qaboos silent mute,1,0,0,0,0,1,0
faleh shibli italy's ambitions libya still exist? role overthrow gaddafi colonial purposes,1,0,0,0,0,1,1
problem gaddafi,1,0,0,0,0,1,0
scientists time kill blood neck said qaradawi gaddafi scientists accept blood draft controversy much,1,0,0,0,0,1,1
 castro friend every one revolutionary oriented cuban leader fidel castro l speaks late libyan leader colonel muammar al gaddafi https co phbybajh ,1,0,0,0,0,1,0
duty jabir teach children friend enemy even teacher show even audio recordings gm,1,0,0,0,0,1,1
al - qamh al - khaleejah al - ayyam al - gaddafi said wanted read final statement arab summit held esb,1,0,-1,0,0,1,1
behind news invitation siraj hafater visit capital tripoli,0,1,0,0,0,1,0
scientists time kill blood neck said qaradawi gaddafi scientists accept blood draft controversy much,1,0,0,0,0,1,1
demonstrations yellow jackets reminded sarkozy's insistence aboriginal party al-jazeera stupid gaddafi repulsed echoed,1,0,0,0,0,1,1
demonstrations yellow jackets reminded sarkozy's insistence aboriginal party al-jazeera stupid gaddafi repulsed echoed,1,0,0,0,0,1,1
scientists time kill blood neck said qaradawi gaddafi scientists accept blood draft controversy much,1,0,0,0,0,1,1
day soon comes screen face nerves text dialogue hafter hafter hafer hafter hafar hafter,0,1,0,-1,0,1,0
detecting meeting siraj haftar palermo haftar tripoli soon libya news iwan libya,0,1,0,0,0,1,0
detecting meeting siraj haftar palermo haftar tripoli soon libya news iwan libya,0,1,0,0,0,1,1
problem gaddafi,1,0,0,0,0,1,1
 also performed gaddafi children know psychopath gassed tortured innocent civilians libya beyonc takes stage ahead one india talked weddings year https co umzzluqgoc ,1,0,0,0,0,1,1
italy organizes meeting hafter al - seraj,0,1,0,0,0,1,0
god knows arabs betrayed gamal abdel nasser anwar sadat hosni mubarak ali saleh zine el abidine gaddafi king faisal wayne wayne curse history taabdd dollar nation dollar history acquittal expose back bnat awaratkm,1,0,0,0,0,1,0
news gaddafi bashar al-assad saying,1,0,0,0,0,1,1
malicious terrorist gaddafi's blood neck blood hundreds thousands spring countries hebrew,1,0,0,0,0,1,1
get gaddafi,1,0,0,0,0,1,1
 stellaaaa davidaxelrod rahmemanuel cnn hillaryclinton hilary respected leaving soldiers die dragging gaddafi naked across libya defending rapists ,1,0,0,0,0,1,0
malicious terrorist gaddafi's blood neck blood hundreds thousands spring countries hebrew,1,0,0,0,0,1,1
qatar appreciated position respond gadhafi replied,1,0,0,0,0,1,0
haha maba'ash hawa saba three-year hump mabash hawa sugar road young people walked bulldozers misrata support misurata sold sell misratah fought dogs hafter first months paid blood hundreds young people accepted god changed youth uncle,1,0,0,0,0,1,1
 rt marktrueblood good morning samantha power remember hillary twisted president obama arm removing gaddafi agains ,1,0,0,0,0,1,1
gaddafi,1,0,0,0,0,1,0
attempt assassinate king abdullah conspiracy gaddafi divide saudi support coupists bahrain support members secret organization uae,1,0,0,0,0,1,1
faleh shibli italy's ambitions libya still exist? role overthrow gaddafi colonial purposes,1,0,0,0,0,1,1
 see patterns universe pattern universe take bromo dragonfly see eye god day death muammar gaddafi well go egypt hear devil see particular universe see yoyoyolandi stoned ,1,0,0,0,0,1,1
 rt owenallenco also performed gaddafi children know psychopath gassed tortured innocent civilians li ,1,0,0,0,0,1,1
faleh shibli italy's ambitions libya still exist? role overthrow gaddafi colonial purposes,1,0,0,0,0,1,1
demonstrations yellow jackets reminded sarkozy's insistence aboriginal party al-jazeera stupid gaddafi repulsed echoed,1,0,0,0,0,1,1
malicious terrorist gaddafi's blood neck blood hundreds thousands spring countries hebrew,1,0,0,0,0,1,1
us site al-sahraj called haftar visit proposed presidential headquarters capital tripoli,0,1,0,0,0,1,1
detecting meeting siraj haftar palermo haftar tripoli soon libya news iwan libya,0,1,0,0,0,1,0
demonstrations yellow jackets reminded sarkozy's insistence aboriginal party al-jazeera stupid gaddafi repulsed echoed,1,0,0,0,0,1,1
al-qaradawi calls killing gaddafi called religion kill people call sedition far islam,1,0,0,0,0,1,1
saw al-qaradawi elders terrorist brothers going gaddafi's tent libya mission ended attempt,1,0,0,0,0,1,1
click share share love muammar gaddafi,1,0,0,0,0,1,1
 rt marktrueblood good morning samantha power remember hillary twisted president obama arm removing gaddafi agains ,1,0,0,0,0,1,1
faleh shibli italy's ambitions libya still exist? role overthrow gaddafi colonial purposes,1,0,0,0,0,1,1
invitation haftar tripoli tripoli's extradition hafer news came american sources meetings italy.,0,1,0,0,0,1,0
demonstrations yellow jackets reminded sarkozy's insistence aboriginal party al-jazeera stupid gaddafi repulsed echoed,1,0,0,0,0,1,1
al-qaradawi calls killing gaddafi called religion kill people call sedition far islam,1,0,0,0,0,1,1
treachery qatar neighbors become obsessed governments peoples gulf arab history organization hamdeen full intrigues conspiracies arab political media even conspiracy kill muammar gaddafi assassination attempt king abdullah bin abdul aziz,1,0,0,0,0,1,0
faleh shibli italy's ambitions libya still exist? role overthrow gaddafi colonial purposes,1,0,0,0,0,1,1
faleh shibli italy's ambitions libya still exist? role overthrow gaddafi colonial purposes,1,0,0,0,0,1,1
scientists time kill blood neck said qaradawi gaddafi scientists accept blood draft controversy much,1,0,0,0,0,1,1
duty jabir teach children friend enemy even teacher show even audio recordings gm,1,0,0,0,0,1,1
demonstrations yellow jackets reminded sarkozy's insistence aboriginal party al-jazeera stupid gaddafi repulsed echoed,1,0,0,0,0,1,1
 maitlis gaddafi played lot things us accused even though syria behind boosted reputation arab world adam curtis great section hypernormalisation ,1,0,1,0,0,1,1
colonel muammar gaddafi affairs syrian prophecy via,1,0,0,0,0,1,0
malicious terrorist gaddafi's blood neck blood hundreds thousands spring countries hebrew,1,0,0,0,0,1,1
former french president nicolas sarkozy said interview french channel ii revolution libya set date,1,0,0,0,0,1,1
mabash supporting young people khalaf hafar ihraba hand young people without knowing limit bulldozers burning bulldozers sam tau sold misratah fought displaced misratah nhna principle revolution mawashnh expensive oil mistake important thing revolution sell companions,1,0,0,0,0,1,1
forgotten conspiracy hamad bin jassim gaddafi assassinate king abdullah al saud?,1,0,0,0,0,1,1
 rt riskyroast cursedsalad bernard henri levy man supported killed people kiev killed gaddafi ,1,0,0,0,0,1,1
tagouri works direction hafer offered colleagues money exchange evacuation capital handed hafter refused liquidated,0,1,0,0,0,1,0
france exclude governments effort incite looting destruction killing libya whose aircraft participated raids allegedly supporting maismi spring libya soldiers participated killing muammar gaddafi sarkozy bernard livni poured zionist strife supported betrayal customers anticipation good libya,1,0,0,0,0,1,1
destroyed libya ordering assassination gaddafi exposing facts hand hand qatar conspiracies countries,1,0,0,0,0,1,1
malicious terrorist gaddafi's blood neck blood hundreds thousands spring countries hebrew,1,0,0,0,0,1,1
support hayek image war sun dogs present haftar barghouthi others hafter fought gazer walking jazran lead lamp presidential,0,1,0,0,0,1,1
 sad alexa play muammar gaddafi speech united nations general assembly ,1,0,-1,0,0,1,0
al-qaradawi calls killing gaddafi called religion kill people call sedition far islam,1,0,0,0,0,1,1
 rt luv tvl bbusa started crumble minute obama took office hillary clinton became soc libya debaclew proximity ,1,0,0,0,0,1,1
 rt eyedeel sad alexa play muammar gaddafi speech united nations general assembly ,1,0,-1,0,0,1,1
demonstrations yellow jackets reminded sarkozy's insistence aboriginal party al-jazeera stupid gaddafi repulsed echoed,1,0,0,0,0,1,1
faleh shibli italy's ambitions libya still exist? role overthrow gaddafi colonial purposes,1,0,0,0,0,1,1
 saudi influenced salafis playing sides libya civil war middle east eye https co rqorhdszf eco search https co hwgig lumc ,1,0,0,0,0,1,0
al-seraj thinks things matured arrival hafar become suitable according estimates planning masters outside country instructed direct invitation,1,0,0,0,0,1,0
al-qaradawi calls killing gaddafi called religion kill people call sedition far islam,1,0,0,0,0,1,1
visit find hundreds political news sites offer political mauritania also copies clippings. mauritania find scientific poetic tourist etc. brother turned brother gaddafi said national assembly palais des congrès,1,0,0,0,0,1,0
duty jabir teach children friend enemy even teacher show even audio recordings gm,1,0,0,0,0,1,1
uae occupied yemen 's ports islands supported bloody coup egypt. criminal financed crime libya attempted orchestrate coup tunisia,1,0,0,0,0,1,1
 pkk narcotics funded group approx million dollars year pkk kurdish separatist group pkk presence many european countries including germanybelgium london gaddafi warned role narcotics laughed ,1,0,0,0,0,1,0
winner siraj calls haftar visit tripoli,0,1,0,0,0,1,0
gamaltk remembered masratha dare shame mannsohh darta bedouins iyboo revolutionaries bonyan ibraheem history witnessing maqsr young one conducted asad revolt misratah met us displaced jaya day haftar say days revolutionaries displaced,1,0,0,0,0,1,1
 gaddafi shelled million beyonc perform one parties back price done went since telling many figures secure season bag bey ,1,0,0,0,0,1,1
continuous secret meetings intervention tajouri siraj create atmosphere entry hafter officers two sons yes new falcon,1,0,0,0,0,1,0
faleh shibli italy's ambitions libya still exist? role overthrow gaddafi colonial purposes,1,0,0,0,0,1,1
yes knowledge daim clean degree cleanliness surrounded zionist flag talk betrayal country,1,0,0,0,0,1,1
happens france like happened libya though gaddafi god mercy dirtiest creature earth conspires hamad al-aaq saudi arabia al-qaradawi killed killing makron example killing malicious gaddafi.,1,0,0,0,0,1,1
drew attention cheek one resembled gaddafi bear one gash teeth,1,0,-1,0,0,1,0
ghassan salama envoy uae libya prepared atmosphere entry haftar tripoli safety tour tarhouna pouring subject safety spy,0,1,0,1,0,1,0
mahmoud abdo mustafa bakri bayakd coupons oil food coupons saddam hussein imagine value coupons business work gaddafi days gaddafi channel currently working libyan blood drop cause union,1,0,0,0,0,1,0
faleh shibli italy's ambitions libya still exist? role overthrow gaddafi colonial purposes,1,0,0,0,0,1,1
italy stepping move crisis prime minister conte announcing meeting week hafater el serag libya italy benefiting,1,0,0,0,0,1,1
 muammar gaddafi ruled libya terrorists libya killed western democracy know happened ,1,0,0,0,0,1,0
killing safe fourth square libya saudi arabia helping so-called revolution libya helps criminal hafter helps christians southern sudan help shiites sunnis iraq kill safe children yemen help kurds alawites southern turkey,1,0,0,0,0,1,1
malicious terrorist gaddafi's blood neck blood hundreds thousands spring countries hebrew,1,0,0,0,0,1,1
saw al-qaradawi elders terrorist brothers going gaddafi's tent libya mission ended attempt,1,0,0,0,0,1,1
 rt libyanaddressjo conte says meet field marshal haftar al sarraj week address libya libyan address jour ,1,0,0,0,0,1,1
al - qamh al - khaleejah al - ayyam al - gaddafi said wanted read final statement arab summit held esb,1,0,-1,0,0,1,1
faleh shibli italy's ambitions libya still exist? role overthrow gaddafi colonial purposes,1,0,0,0,0,1,1
faleh shibli italy's ambitions libya still exist? role overthrow gaddafi colonial purposes,1,0,0,0,0,1,1
 rt eyedeel sad alexa play muammar gaddafi speech united nations general assembly ,1,0,-1,0,0,1,1
 rt eyedeel sad alexa play muammar gaddafi speech united nations general assembly ,1,0,-1,0,0,1,1
al - qamh al - khaleejah al - ayyam al - gaddafi said wanted read final statement arab summit held esb,1,0,-1,0,0,1,1
duty jabir teach children friend enemy even teacher show even audio recordings gm,1,0,0,0,0,1,1
former french president nicolas sarkozy said interview french channel ii revolution libya set date,1,0,0,0,0,1,1
malicious terrorist gaddafi's blood neck blood hundreds thousands spring countries hebrew,1,0,0,0,0,1,1
gaddafi 's speech listen end think arab reality arab cross,1,0,0,0,0,1,0
morocco algeria restore peace whole libyan arab country major reconciliation rejects followers turkey qatar,1,0,0,0,0,1,1
gaddafi's letter post president resign faces germs. muammar gaddafi. international leader. defend millions. appeal millions deserters desert millions clean libya. shubra shubra.,1,0,0,0,0,1,1
mean role france bad egypt syria forget crime libya gaddafi financed sarkozy's presidential campaign especially,1,0,1,0,0,1,0
allegedly silence invitation paddy visit tripoli maskatwa hafer,0,1,0,0,0,1,0
gaddafi's speech post president resign faces germs muammar gaddafi leader a.,1,0,0,0,0,1,1
uae occupied yemen 's ports islands supported bloody coup egypt. criminal financed crime libya attempted orchestrate coup tunisia,1,0,0,0,0,1,1
malicious terrorist gaddafi's blood neck blood hundreds thousands spring countries hebrew,1,0,0,0,0,1,1
opinion place yes france occupied arab naturalists happening homosexuals france pay bill errors naturalization gaddafi said france occupy without war arabs naturalized true,1,0,0,0,0,1,0
malicious terrorist gaddafi's blood neck blood hundreds thousands spring countries hebrew,1,0,0,0,0,1,1
saw al-qaradawi elders terrorist brothers going gaddafi's tent libya mission ended attempt,1,0,0,0,0,1,1
equal treachery soldiers uae yemen equate support iran shiite revolution bahrain.,1,0,0,0,0,1,1
al-qaradawi calls killing gaddafi called religion kill people call sedition far islam,1,0,0,0,0,1,1
 whooz ur daddy essenviews gaddafi found people sewer tunnels libyans exacted justice coincidence think ,1,0,0,0,0,1,0
despise uae saudi arabia rest gulf countries may god mercy him muammar gaddafi,1,0,0,0,0,1,1
italy stepping move crisis prime minister conte announcing meeting week hafater el serag libya italy benefiting,1,0,0,0,0,1,1
muammar gaddafi exposed hamad squadron recordings ordered,1,0,0,0,0,1,0
biggest joke modern arab history gaddafi saying president libya green book presidents retired colonel libyan army time orders ministers attend arab summits meetings united nations.,1,0,0,0,0,1,0
away king's hospitality accuse saudi arabia one started qatar brother government qatar saudi government year know love hear recordings hamdeen conspiracies country gaddafi kano bigtalun king abdullah love people qatar disagree government.,1,0,0,0,0,1,1
hope cut publish talk gaddafi's leaks know quarter silent years became fabricator,1,0,0,0,0,1,1
mean role france bad egypt syria forget crime libya way,1,0,-1,0,0,1,1
malicious terrorist gaddafi's blood neck blood hundreds thousands spring countries hebrew,1,0,0,0,0,1,1
 saudi influenced salafis playing sides libya civil war https co rxf ff smq via middleeasteye ,1,0,0,0,0,1,0
 rt affricanfacts muammar gaddafi ruled libya terrorists libya killed western democracy know ,1,0,0,0,0,1,1
italy stepping move crisis prime minister conte announcing meeting week hafater el serag libya italy benefiting,1,0,0,0,0,1,1
al-seraj asks haftar visit tripoli. recognized high-ranking commander army,0,1,0,0,0,1,1
beige american report goes marshal khalifa hafer capital tripoli dangerous control large number armed militias led,0,1,0,0,0,1,1
delegation representing tribes libya arrives syria meets number officials discuss issue hannibal gaddafi detained lebanon,1,0,0,0,0,1,0
italy stepping move crisis prime minister conte announcing meeting week hafater el serag libya italy benefiting,1,0,0,0,0,1,1
saw al-qaradawi elders terrorist brothers going gaddafi's tent libya mission ended attempt,1,0,0,0,0,1,1
delegation representing tribes libya arrives syria meets number officials discuss issue hannibal gaddafi detained lebanon,1,0,0,0,0,1,0
demonstrations yellow jackets reminded sarkozy's insistence aboriginal party al-jazeera stupid gaddafi repulsed echoed,1,0,0,0,0,1,1
homosexuality anomaly. lord informs you known concept anomalies defined neither hitler gaddafi stalin criminals world.,1,0,0,0,0,1,0
 rt libyanaddressjo conte says meet field marshal haftar al sarraj week address libya libyan address jour ,1,0,0,0,0,1,1
us site al-seraj calls haftar tripoli discuss unification news organizations today,0,1,0,0,0,1,0
saw al-qaradawi elders terrorist brothers going gaddafi's tent libya mission ended attempt,1,0,0,0,0,1,1
demonstrations yellow jackets reminded sarkozy's insistence aboriginal party al-jazeera stupid gaddafi repulsed echoed,1,0,0,0,0,1,1
malicious terrorist gaddafi's blood neck blood hundreds thousands spring countries hebrew,1,0,0,0,0,1,1
faleh shibli italy's ambitions libya still exist? role overthrow gaddafi colonial purposes,1,0,0,0,0,1,1
faleh shibli italy's ambitions libya still exist? role overthrow gaddafi colonial purposes,1,0,0,0,0,1,1
whoever attended meeting prepares watch king new kings arab islamic nations instead gaddafi try states recognize,1,0,0,0,0,1,1
al-qaradawi calls killing gaddafi called religion kill people call sedition far islam,1,0,0,0,0,1,1
faleh shibli italy's ambitions libya still exist? role overthrow gaddafi colonial purposes,1,0,0,0,0,1,1
recent history tells us beginning actual fall muammar gaddafi added great word country people,1,0,1,0,0,1,1
faleh shibli italy's ambitions libya still exist? role overthrow gaddafi colonial purposes,1,0,0,0,0,1,1
martyrdom saddam hussein's name love mauritanians hitler one killed jews newton one discovered gravity gaddafi one laughs arab peoples bin laden man destroyed america's towers women's opera love,1,0,0,0,0,1,1
organization hamdeen island east salwa arrange deceased gaddafi's history criminality listed,1,0,0,0,0,1,1
information office invitation hafer visit tripoli meet al-sarraj accompanied mobilization red valley battalion ibn haftar battalion tariq ibn ziyad entrance wanted sirte central region incitement,0,1,0,0,0,1,1
gaddafi shaw said hey picked records growth says kingdom year doubt exists,1,0,0,0,0,1,1
attempt assassinate king abdullah conspiracy gaddafi divide saudi support coupists bahrain support members secret organization uae,1,0,0,0,0,1,1
faleh shibli italy's ambitions libya still exist? role overthrow gaddafi colonial purposes,1,0,0,0,0,1,1
demonstrations yellow jackets reminded sarkozy's insistence aboriginal party al-jazeera stupid gaddafi repulsed echoed,1,0,0,0,0,1,1
libyan prisoners number countries world made way people people represent tribes libby haqqani tribes.,1,0,0,0,0,1,0
demonstrations yellow jackets reminded sarkozy's insistence aboriginal party al-jazeera stupid gaddafi repulsed echoed,1,0,0,0,0,1,1
al - qamh al - khaleejah al - ayyam al - gaddafi said wanted read final statement arab summit held esb,1,0,-1,0,0,1,1
 watch mins video understand happening europe merkel obama clinton destroyed gaddafi gaddafi prophecy europe turn black https co isaethjong via youtube ,1,0,0,0,0,1,0
duty jabir teach children friend enemy even teacher show even audio recordings gm,1,0,0,0,0,1,1
 rt partisangirl ussyomar france leading country gaddafi yemen forgot capslock ,1,0,0,0,0,1,1
faleh shibli italy's ambitions libya still exist? role overthrow gaddafi colonial purposes,1,0,0,0,0,1,1
al-seraj haftar meet rome libya,1,0,0,0,0,1,0
dogs even treat right defend displaced shot street evil become stray become hooked attack humans applies gaddafi said begged hole one speeches cited example crucified matabl meat throat,1,0,0,0,0,1,0
former french president nicolas sarkozy said interview french channel ii revolution libya set date,1,0,0,0,0,1,1
 rt affricanfacts muammar gaddafi ruled libya terrorists libya killed western democracy know ,1,0,0,0,0,1,1
 rt philhajphil obama proudly killed mandela friend gaddafi lecturing us rights https co vwghbh ohe ,1,0,0,0,0,1,1
uae occupied yemen 's ports islands supported bloody coup egypt. criminal financed crime libya attempted orchestrate coup tunisia,1,0,0,0,0,1,1
uae occupied yemen 's ports islands supported bloody coup egypt. criminal financed crime libya attempted orchestrate coup tunisia,1,0,0,0,0,1,1
macron stupid gaddafi,1,0,-1,0,0,1,0
demonstrations yellow jackets reminded sarkozy's insistence aboriginal party al-jazeera stupid gaddafi repulsed echoed,1,0,0,0,0,1,1
one says saudi arabia end year confidence fools fools says succeeded withdrawing rules qatar asked qatari ambassadors attract second row princes scandal,1,0,0,0,0,1,0
demonstrations yellow jackets reminded sarkozy's insistence aboriginal party al-jazeera stupid gaddafi repulsed echoed,1,0,0,0,0,1,1
demonstrations yellow jackets reminded sarkozy's insistence aboriginal party al-jazeera stupid gaddafi repulsed echoed,1,0,0,0,0,1,1
delegation representing tribes libya arrives syria meets number officials discuss issue hannibal gaddafi detained lebanon,1,0,0,0,0,1,1
military analyst sulayman bin saleh called al-seraj hafer tripoli political maneuver aimed preparing order take future news today,0,1,0,0,0,1,0
news new meeting hafter alsraj coming days auspices giuseppe conti head italian government,1,0,0,0,0,1,1
demonstrations yellow jackets reminded sarkozy's insistence aboriginal party al-jazeera stupid gaddafi repulsed echoed,1,0,0,0,0,1,1
al-siraj calls haftar tripoli new shen khobar hafer client al-seraj client birds forms strange people surprised tell news confirmed got income haftar tripoli remain libya revolution revolutionaries al-salam hafer al-sarraj libya,0,1,0,0,0,1,0
 rt riskyroast cursedsalad bernard henri levy man supported killed people kiev killed gaddafi ,1,0,0,0,0,1,1
remember days beginning chaos libya claimed raped men gaddafi revolution months back,1,0,0,0,0,1,1
demonstrations yellow jackets reminded sarkozy's insistence aboriginal party al-jazeera stupid gaddafi repulsed echoed,1,0,0,0,0,1,1
oh chick enough lies deceit america europe support apostate hafter dogs apostates misrata terrorism blasphemous libya streets europe sleep sidewalk,1,0,0,0,0,1,1
uae occupied yemen 's ports islands supported bloody coup egypt. criminal financed crime libya attempted orchestrate coup tunisia,1,0,0,0,0,1,1
malicious terrorist gaddafi's blood neck blood hundreds thousands spring countries hebrew,1,0,0,0,0,1,1
recent history tells us beginning actual fall muammar gaddafi added great word country people,1,0,1,0,0,1,1
section one brothers libya advises people saudi arabia drift behind revolutions explains happened libya despite injustice gaddafi situation mercy ask god lift muslim countries,1,0,0,0,0,1,0
education gaddafi understands halsdj livelihood strength libyans including family brothers children destruction country live eat goods.,1,0,0,0,0,1,1
 dplmtcobserver libya giuseppe conte sodalization general haftar https co pcuwyeok ,1,0,1,0,0,1,0
malicious terrorist gaddafi's blood neck blood hundreds thousands spring countries hebrew,1,0,0,0,0,1,1
al-qaradawi calls killing gaddafi called religion kill people call sedition far islam,1,0,0,0,0,1,1
 saif al islam gaddafi welcomes sarkozy arrest morning call https co lxdf wyqv via youtube ,1,0,0,0,0,1,0
section brother libya advises people saudi arabia drift behind revolutions explains happened libya despite injustice gaddafi situation,1,0,0,0,0,1,1
 saudi influenced salafis playing sides libya civil war https co cvp vma via middleeasteye ,1,0,0,0,0,1,0
 rt italianpolitics saudi influenced salafis playing sides libya civil war https co cvp vma via middleeasteye ,1,0,0,0,0,1,1
morocco algeria restore peace whole libyan arab country major reconciliation rejects followers turkey qatar,1,0,0,0,0,1,1
demonstrations yellow jackets reminded sarkozy's insistence aboriginal party al-jazeera stupid gaddafi repulsed echoed,1,0,0,0,0,1,1
al-seraj asks haftar visit tripoli. recognized high-ranking commander army,0,1,0,0,0,1,1
allegedly silence invitation paddy visit tripoli maskatwa hafer,0,1,0,0,0,1,1
 bbcpolitics libya giuseppe conte sodalization general haftar https co icck vntd ,1,0,1,0,0,1,0
useful gaddafi talk electronic flies,1,0,0,0,0,1,0
muammar gaddafi return grave leave stc,1,0,0,0,0,1,0
batech bash tells ali hafter,0,1,0,0,0,1,0
many arabs hurt arabs served enemies arabs dominated saudi went waste history first nasser gaddafi saddam hussein ali saleh rulers qatar betrayal turn waste history keep arabs strong bzokhm pride god,1,0,0,0,0,1,1
 saudi influenced salafis playing sides libya civil war https co cgz xg p ,1,0,0,0,0,1,0
 rt affricanfacts muammar gaddafi ruled libya terrorists libya killed western democracy know ,1,0,0,0,0,1,1
original reason divorce muammar gaddafi's marriage darr darr speech,1,0,0,0,0,1,1
want program minds arab women full rights happened french girl let us look past quite bit year libyan woman graduated declare one gazelles gaddafi raped french women arab women raped,1,0,0,0,0,1,0
want program minds arab women full rights happened french girl,1,0,0,0,0,1,1
forget forget tamarkm gaddafi fall saud province tmarkm old arab nation,1,0,0,0,0,1,0
 rt dirar saudi influenced salafis playing sides libya civil war https co cgz xg p ,1,0,0,0,0,1,1
egypt third world crime one companions mohammed bin salman bin zayed haftar dahlan bashar ayza get doctor,1,0,0,0,0,1,0
al-qaradawi calls killing gaddafi called religion kill people call sedition far islam,1,0,0,0,0,1,1
records gaddafi qataris blurred,1,0,0,0,0,1,1
great madman trump writer toette says french demonstrators raised slogans support rally begin,1,0,0,0,0,1,1
france asks trump intervening affairs france forgotten interference libya politically militarily bombing rafal aircraft targets libya overthrow gaddafi consider interference,1,0,0,0,0,1,1
uae occupied yemen 's ports islands supported bloody coup egypt. criminal financed crime libya attempted orchestrate coup tunisia,1,0,0,0,0,1,1
faleh shibli italy's ambitions libya still exist? role overthrow gaddafi colonial purposes,1,0,0,0,0,1,1
reasonable speech gaddafi speech thirty years ago warned arab nation reality live,1,0,0,0,0,1,1
former officials apologize libyan people failure paid gaddafi made hate cheat image,1,0,0,0,0,1,0
split center idea ​​the problems south days gaddafi executive legislative authorities unified february division problem absence state,1,0,0,0,0,1,0
gulf summit facts differences weak useless moral war attrition must stop humanity ruling ruler,1,0,0,0,0,1,1
 rt affricanfacts muammar gaddafi ruled libya terrorists libya killed western democracy know ,1,0,0,0,0,1,1
chicken reddish gaddafi haha,1,0,1,0,0,1,0
 dnaghizadeh ssshhhaaaaaaaaa samanarbabi tparsi slaves exist libya gaddafi ,1,0,0,0,0,1,0
recent history tells us beginning actual fall muammar gaddafi added great word country people,1,0,1,0,0,1,1
 mikewilson jjauthor gaddafi treat people poorly outsiders killed libyans ,1,0,-1,0,0,1,0
original reason divorce muammar gaddafi's marriage darr darr speech,1,0,0,0,0,1,1
demonstrations yellow jackets reminded sarkozy's insistence aboriginal party al-jazeera stupid gaddafi repulsed echoed,1,0,0,0,0,1,1
 mikewilson josephjflynn genflynn mflynnjr barbararedgate realjameswoods gaddafi treat people poorly ,1,0,-1,0,0,1,0
morocco algeria restore peace whole libyan arab country major reconciliation rejects followers turkey qatar,1,0,0,0,0,1,1
 kordobaaa milksheikh gaddafi worse saudi arabia ridiculous lie ,1,0,-1,0,0,1,0
demonstrations yellow jackets reminded sarkozy's insistence aboriginal party al-jazeera stupid gaddafi repulsed echoed,1,0,0,0,0,1,1
duty jabir teach children friend enemy even teacher show even audio recordings gm,1,0,0,0,0,1,1
al-qaradawi calls killing gaddafi called religion kill people call sedition far islam,1,0,0,0,0,1,1
recent history tells us beginning actual fall muammar gaddafi added great word country people,1,0,1,0,0,1,1
demonstrations yellow jackets reminded sarkozy's insistence aboriginal party al-jazeera stupid gaddafi repulsed echoed,1,0,0,0,0,1,1
 rt desert lion yasirksa forget mention nato destroyed country libya assassinated colonel muammar al gaddafi ,1,0,0,0,0,1,1
supposed qatari island contains ben othman ready recycled programmed programming languages ​​of world rahm benefited,1,0,0,0,0,1,1
saw al-qaradawi elders terrorist brothers going gaddafi's tent libya mission ended attempt,1,0,0,0,0,1,1
malicious terrorist gaddafi's blood neck blood hundreds thousands spring countries hebrew,1,0,0,0,0,1,1
demonstrations yellow jackets reminded sarkozy's insistence aboriginal party al-jazeera stupid gaddafi repulsed echoed,1,0,0,0,0,1,1
mistake muammar gaddafi,1,0,0,0,0,1,0
uae occupied yemen 's ports islands supported bloody coup egypt. criminal financed crime libya attempted orchestrate coup tunisia,1,0,0,0,0,1,1
malicious terrorist gaddafi's blood neck blood hundreds thousands spring countries hebrew,1,0,0,0,0,1,1
reasonable da gaddafi words,1,0,1,0,0,1,0
malicious terrorist gaddafi's blood neck blood hundreds thousands spring countries hebrew,1,0,0,0,0,1,1
malicious terrorist gaddafi's blood neck blood hundreds thousands spring countries hebrew,1,0,0,0,0,1,1
latest mistake killed gaddafi,1,0,-1,0,0,1,0
