al-sawaal channel opinion opinion shows hamad's recordings gaddafi,1,0,1,0,0,1,0
scientists time kill blood neck said qaradawi gaddafi scientists accept blood draft controversy much,1,0,0,0,0,1,1
scientists time kill blood neck said qaradawi gaddafi scientists accept blood draft controversy much,1,0,0,0,0,1,1
hafter mind says fall macaron go russia,1,0,0,0,0,1,1
stayed deterrent hatham ttzbt tell know know know palos give guard dogs hate hated increased decade crisis abandoned youth benghazi originally imposed imposed base libya hafer,1,0,0,0,0,1,0
arrest al-sahwaji wael toyota brother nasser al-shark charges intentional murder two affiliated thunderstorms mahmoud al-worfli. arrest process comes context termination operations lightning benghazi empowerment battalion belonging khalid khalifa haftar,0,1,0,0,0,1,0
italian prime minister meets al - seraj hafar libya news,1,0,0,0,0,1,0
demonstrations yellow jackets reminded sarkozy's insistence aboriginal party al-jazeera stupid gaddafi repulsed echoed,1,0,0,0,0,1,1
duty jabir teach children friend enemy even teacher show even audio recordings gm,1,0,0,0,0,1,1
criminals worst form soldiers hafter gaia others grave graves represented corpses criminal hafter says ga,0,1,0,0,0,1,1
gaddafi present audience zayyim informed class geniuses,1,0,1,0,0,1,1
criminals worst form soldiers hafter gaia others grave graves represented corpses criminal hafter says ga,0,1,0,0,0,1,1
saudi arabia caused deaths thousands egypt zionist regime sisi billions well criminal hafter killed best men libya keepers koran elders support money fatwas support party tunisia secular secular extremist law approved equality male female,1,0,0,0,0,1,1
blood bleed? tyrants support brothers tyrants arabs sisi hafar bashar houthi ben rest tyrants tyrants?,1,0,0,0,0,1,1
greens weak weight war benghazi derna french emirati egyptian planes chadian mercenary corps darfur movement. died together even french soldiers course leadership hafer rat.,1,0,0,0,0,1,0
original reason divorce muammar gaddafi's marriage darr darr speech,1,0,0,0,0,1,1
realize killing khashoggi premeditated assault killed cut blood beginning end family's rule destroying iraq saddam libya gaddafi curse barbaric crimes committed rogue rulers religions humanities,1,0,0,0,0,1,0
criminals worst form soldiers hafter gaia others grave graves represented corpses criminal hafter says ga,0,1,0,0,0,1,1
 eastern libya shadowy movement grown exert considerable influence military commander khalifa haftar https co bds nbqt ,1,0,0,0,0,1,1
qatar mouse tampering arabs destabilizing security arab countries via al-jazeera behind implementation plans dismantle arab countries support funding al-qaeda support support party satan support demonstrations bahrain muslim brotherhood egypt demonstrations qatif saudi arabia treachery muammar gaddafi killing became every terrorist mercenary,1,0,0,0,0,1,1
 rt levanalomma know gaddafi constructed largest irrigation system world providing million cubic meters fre ,1,0,0,0,0,1,1
 rt levanalomma know gaddafi constructed largest irrigation system world providing million cubic meters fre ,1,0,0,0,0,1,1
al-hamdeen records gaddafi internal movements bahrain conspiracy tampering security gulf peoples. military intervention first better boycott justify conspiracy sons malice forgive kill two hamdan soon possible.,1,0,0,0,0,1,0
 rt middleeasteye eastern libya shadowy movement grown exert considerable influence military commander khalifa haftar ht ,1,0,0,0,0,1,1
criminals worst form soldiers hafter gaia others grave graves represented corpses criminal hafter says ga,0,1,0,0,0,1,1
saw streets egypt came sisi saw streets syria assad increased adherence opinion streets libya,1,0,0,0,0,1,0
malicious terrorist gaddafi's blood neck blood hundreds thousands spring countries hebrew,1,0,0,0,0,1,1
 rt mamba ntfulini redgenkosi colonel gaddafi long time advocated africa trade one currency african currency ,1,0,0,0,0,1,1
meeting conti al-seraj haftar week,0,1,0,0,0,1,0
uae occupied yemen 's ports islands supported bloody coup egypt. criminal financed crime libya attempted orchestrate coup tunisia,1,0,0,0,0,1,1
 rt affricanfacts muammar gaddafi ruled libya terrorists libya killed western democracy know ,1,0,0,0,0,1,1
lost recordings hamdeen gaddafi internal movements bahrain conspiracy tampering security gulf peoples. military intervention first better boycott justify conspiracy sons malice forgive kill two hamdin soon possible loss mercy goodness qatar gulf?,1,0,0,0,0,1,0
malicious terrorist gaddafi's blood neck blood hundreds thousands spring countries hebrew,1,0,0,0,0,1,1
others like corrupt corrupt rulers blood commit suicide nothing cleans black history built hatred gaddafi wronged millions,1,0,0,0,0,1,0
tool hand america made year american sexual platforms order serve interests impossible america good muslim state,1,0,0,0,0,1,0
 rt middleeasteye eastern libya shadowy movement grown exert considerable influence military commander khalifa haftar ht ,1,0,0,0,0,1,1
criminals worst form soldiers hafter gaia others grave graves represented corpses criminal hafter says ga,0,1,0,0,0,1,1
al-qaradawi calls killing gaddafi called religion kill people call sedition far islam,1,0,0,0,0,1,1
criminals worst form soldiers hafter gaia others grave graves represented corpses criminal hafter says ga,0,1,0,0,0,1,1
gaddafi present audience zayyim informed class geniuses,1,0,1,0,0,1,1
 leahmcelrath bep enriqueiglesias davidguetta onerepublic reminds beyonc usher mariah carey performed gaddafi really getting money even already rich famous willfully turn blind eye ppl like mbs gross unethical ,1,0,-1,0,0,1,0
 james powers abcd alpha antenautilus said gaddafi also turned lies https co niozjnvgc ,1,0,0,0,0,1,0
criminals worst form soldiers hafter gaia others grave graves represented corpses criminal hafter says ga,0,1,0,0,0,1,1
duty jabir teach children friend enemy even teacher show even audio recordings gm,1,0,0,0,0,1,1
malicious terrorist gaddafi's blood neck blood hundreds thousands spring countries hebrew,1,0,0,0,0,1,1
beautiful voice amir shayeb running away gaddafi whispers like satan,1,0,1,0,0,1,0
buy attack north kingdom million dollars support accompany extremist groups individuals claiming opposition kingdom hamdeen recordings gaddafi internal movements bahrain love plot tampering gulf security infringement borders kingdom open inflammatory media platforms oh god hasten destruction foe,1,0,0,0,0,1,1
buy attack north kingdom million dollars support accompany extremist groups individuals claiming opposition kingdom hamdeen recordings gaddafi internal movements bahrain love plot tampering gulf security infringement borders kingdom open inflammatory media platforms oh god hasten destruction foe,1,0,0,0,0,1,1
buy attack north kingdom million dollars support accompany extremist groups individuals claiming opposition kingdom hamdeen recordings gaddafi internal movements bahrain love plot tampering gulf security infringement borders kingdom open inflammatory media platforms oh god hasten destruction foe,1,0,0,0,0,1,1
buy attack north kingdom million dollars support accompany extremist groups individuals claiming opposition kingdom hamdeen recordings gaddafi internal movements bahrain love plot tampering gulf security infringement borders kingdom open inflammatory media platforms oh god hasten destruction foe,1,0,0,0,0,1,1
buy attack north kingdom million dollars support accompany extremist groups individuals claiming opposition kingdom hamdeen recordings gaddafi internal movements bahrain love plot tampering gulf security infringement borders kingdom open inflammatory media platforms oh god hasten destruction foe,1,0,0,0,0,1,1
buy attack north kingdom million dollars support accompany extremist groups individuals claiming opposition kingdom hamdeen recordings gaddafi internal movements bahrain love plot tampering gulf security infringement borders kingdom open inflammatory media platforms oh god hasten destruction foe,1,0,0,0,0,1,1
buy attack north kingdom million dollars support accompany extremist groups individuals claiming opposition kingdom hamdeen recordings gaddafi internal movements bahrain love plot tampering gulf security infringement borders kingdom open inflammatory media platforms oh god hasten destruction foe,1,0,0,0,0,1,1
buy attack north kingdom million dollars support accompany extremist groups individuals claiming opposition kingdom hamdeen recordings gaddafi internal movements bahrain love plot tampering gulf security infringement borders kingdom open inflammatory media platforms oh god hasten destruction foe,1,0,0,0,0,1,1
imam qaradawi went libya praised gaddafi good qualities went syria praise assad wear great qualities broadcast flame fall hebrew overthrow sheikh heels demanded killing gaddafi rulers arabs spoke god,1,0,1,0,0,1,1
end gaddafi ali abdullah saleh,1,0,0,0,0,1,0
buy attack north kingdom million dollars support accompany extremist groups individuals claiming opposition kingdom hamdeen recordings gaddafi internal movements bahrain love plot tampering gulf security infringement borders kingdom open inflammatory media platforms oh god hasten destruction foe,1,0,0,0,0,1,1
gaddafi killed west loot country,1,0,0,0,0,1,0
al-seraj haftar meet italian auspices,0,1,0,0,0,1,0
prophet know gathered together tunisia behalf libyan people conference called conference whole actually mosque february.,1,0,0,0,0,1,1
military run civil state look around sisi saddam gaddafi zine el abidine vapors us non-economic decline thousands prisons turkey builds airports projects builds prisons believe tragedies arabs began coups fifties since time go back,1,0,0,0,0,1,1
picture one streets city benghazi one february sick patient writer infrastructure days taghia patient forgot destroyed shi b,1,0,-1,0,0,1,1
criminals worst form soldiers hafter gaia others grave graves represented corpses criminal hafter says ga,0,1,0,0,0,1,1
duty jabir teach children friend enemy even teacher show even audio recordings gm,1,0,0,0,0,1,1
 rt super tortari saudi influenced salafis playing sides libya civil war https co rxf ff smq via middleeasteye ,1,0,0,0,0,1,1
former french president nicolas sarkozy said interview french channel ii revolution libya set date,1,0,0,0,0,1,1
true gaddafi's remnants seized libya,1,0,0,0,0,1,0
 another mask fell neoliberal hillary gaddafi came saw died laughing https co zyhf cz r ,1,0,0,0,0,1,0
 nicohuve drake thegoddamnbacon sarcasm french media said gaddafi hiring mercenaries lie assad plain clothed policeman bac definitely thugs support globalist regime ,1,0,0,0,0,1,1
scientists time kill blood neck said qaradawi gaddafi scientists accept blood draft controversy much,1,0,0,0,0,1,1
syria arabism poet omar omar al - farra poem leader muammar gaddafi,1,0,0,0,0,1,1
duty jabir teach children friend enemy even teacher show even audio recordings gm,1,0,0,0,0,1,1
 drake nicohuve thegoddamnbacon drake sarcastically referencing fake story gaddafi mercenaries bac mercenaries certainly regular police ,1,0,0,0,0,1,1
behind international haftar visits?,0,1,0,0,0,1,1
money emirati french weapon egyptian fighter details support received hafer resolve battle darna libyan,1,0,0,0,0,1,1
 rt shadymoremi guys found gaddafi son let give endless retweets https co x bupjhj c ,1,0,0,0,0,1,1
criminals worst form soldiers hafter gaia others grave graves represented corpses criminal hafter says ga,0,1,0,0,0,1,1
end gaddafi ali abdullah saleh,1,0,0,0,0,1,1
criminals worst form soldiers hafter gaia others grave graves represented corpses criminal hafter says ga,0,1,0,0,0,1,1
gaddafi present audience zayyim informed class geniuses,1,0,1,0,0,1,1
criminal hafter participated qatar turned legitimacy help uae saudi arabia france pretext legitimacy killed thousands yemen,1,0,0,0,0,1,1
every affinity marshal hafer al-sarraj weakens fortunes deputies state political scene point view,0,1,0,1,0,1,1
criminals worst form soldiers hafter gaia others grave graves represented corpses criminal hafter says ga,0,1,0,0,0,1,1
iraq saudi arabia stood iran war stabbed stood worked plan arabs betrayal yemen jordan good division saudi arabia ended saudi arabia fought gaddafi abdullah saleh others ended role mullahs iran,1,0,0,0,0,1,0
libya hafter complains washington meetings united nations envoy benghazi,0,1,0,0,0,1,0
 farida n gaddafi fell mugabe mubarak gbagbo ben ali matter time dictators fall get rid evil leaders kill people unjustifiably fauremustgo togodebout ,1,0,0,0,0,1,0
criminals worst form soldiers hafter gaia others grave graves represented corpses criminal hafter says ga,0,1,0,0,0,1,1
get way kadhafi killed. internal libyan affair cares dairy cow,1,0,0,0,0,1,0
italy organizes new meeting hafter al - siraj palestinian movements factions bless operation ofra,0,1,0,0,0,1,0
qadhafi chanted koran ridiculed prophet peace upon denied intercession happy go away costs stop us,1,0,1,0,0,1,0
hamdine's recordings gaddafi internal movements bahrain conspiracy tampering security gulf peoples,1,0,0,0,0,1,1
al-seraj haftar meet italian auspices,0,1,0,0,0,1,1
al-seraj haftar meet italian auspices,0,1,0,0,0,1,1
al-seraj haftar meet italian auspices,0,1,0,0,0,1,1
al-seraj haftar meet italian auspices,0,1,0,0,0,1,1
al-seraj haftar meet italian auspices,0,1,0,0,0,1,1
al-seraj haftar meet italian auspices,0,1,0,0,0,1,1
al-seraj haftar meet italian auspices,0,1,0,0,0,1,1
al-seraj haftar meet italian auspices,0,1,0,0,0,1,1
al-seraj haftar meet italian auspices,0,1,0,0,0,1,1
al-seraj haftar meet italian auspices,0,1,0,0,0,1,1
al-seraj haftar meet italian auspices,0,1,0,0,0,1,1
al-seraj haftar meet italian auspices,0,1,0,0,0,1,1
al-seraj haftar meet italian auspices,0,1,0,0,0,1,1
al-seraj haftar meet italian auspices,0,1,0,0,0,1,1
al-seraj haftar meet italian auspices,0,1,0,0,0,1,1
al-seraj haftar meet italian auspices,0,1,0,0,0,1,1
al-seraj haftar meet italian auspices,0,1,0,0,0,1,1
al-seraj haftar meet italian auspices,0,1,0,0,0,1,1
al-seraj haftar meet italian auspices,0,1,0,0,0,1,1
al-seraj haftar meet italian auspices,0,1,0,0,0,1,1
al-seraj haftar meet italian auspices,0,1,0,0,0,1,1
al-seraj haftar meet italian auspices,0,1,0,0,0,1,1
al-seraj haftar meet italian auspices,0,1,0,0,0,1,1
al-seraj haftar meet italian auspices,0,1,0,0,0,1,1
al-seraj haftar meet italian auspices,0,1,0,0,0,1,1
al-seraj haftar meet italian auspices,0,1,0,0,0,1,1
al-seraj haftar meet italian auspices,0,1,0,0,0,1,1
al-seraj haftar meet italian auspices,0,1,0,0,0,1,1
al-seraj haftar meet italian auspices,0,1,0,0,0,1,1
al-seraj haftar meet italian auspices,0,1,0,0,0,1,1
libya libya libya libya libya libya libya libya libya libya libya libya libya libya libya libya libya libya libya libya libya libya libya libya libya libya libya libya libya libya libya libya libya libya libya libya libya libya libya libya libya libya libya libya libya libya libya libya libya libya libya libya libya libya libya libya libya libya libya libya libya libya libya libya libya libya libya libya libya libya libya libya libya libya libya libya libya libya libya libya libya libya lebanon libya,1,0,0,0,0,1,1
hero meets client hero nabi tbe hero tbi client,1,0,0,0,0,1,0
duty jabir teach children friend enemy even teacher show even audio recordings gm,1,0,0,0,0,1,1
gaddafi believed liar fish island's pigs,1,0,0,0,0,1,0
gaddafi present audience zayyim informed class geniuses,1,0,1,0,0,1,1
instead standing libyan people fall qadhafi called fear thrones security israeli citizen,1,0,0,0,0,1,0
hero meets client hero nabi tbe hero tbi client,1,0,0,0,0,1,1
table understanding business successful among them life sweet billions travel authority interest. country united begins constitution law,1,0,0,0,0,1,0
france intervened bring regime gaddafi last western country abandon idea ​​overthrowing regime bashar al-assad calls america trump interfere internal affairs cooking poison poisoned yellow jackets,1,0,0,0,0,1,1
based words strength protection tuber survival resistance hafr derna reason survival hafater al - sisi,1,0,0,0,0,1,0
intended open arms stores libya gaddafi felt close collapse people still suffering consequences decision,1,0,-1,0,0,1,0
meeting people's interest zero percent,1,0,1,0,0,1,0
follow libyan army special forces thunderbolt umbrellas attributed hafer proportions children proportions vlhashih tsbk need less need free east rohna mjbnesh tlain eyes eyes protect us take forces soil yashrgoye shame follow lord idol worshipers,0,1,0,0,0,1,1
 violet cause hylianusual think cia bought cocaine columbia conspiracy cia take world leaders like gaddafi huge wave migrants flow eu gaddafi clearly said happen corporation good government good youtubers evil ban ,1,0,0,0,0,1,0
wish end timo father gaddafi children,1,0,0,0,0,1,0
rabee al-madhali: "all rulers islam saying rulers land islam either refusers either mystical secular faith sharia,1,0,0,0,0,1,0
god says infidels evil come muammar gaddafi dustbin history yakhin affliction hamadqard son traitors arabs judge saudi people? die hatred people government scientists one trench.,1,0,0,0,0,1,0
rabeeh al-madhalli muslim rulers saying rulers land islam either apostate either mystical secular faith sharia.,1,0,0,0,0,1,1
italian prime minister giuseppe conte told italian television meeting army chief marshal khalifa al-qassem hafer armed gang leader fayez al-sarraj take place next week rome.,0,1,0,0,0,1,0
criminals worst form soldiers hafter gaia others grave graves represented corpses criminal hafter says ga,0,1,0,0,0,1,1
france intervened bring regime gaddafi last western country abandon idea ​​toppling regime bashar assad calls america,1,0,0,0,0,1,1
rabeeh al-madhalli muslim rulers saying rulers land islam either apostate either mystical secular faith sharia.,1,0,0,0,0,1,1
pen exclusive video ansar hafter,0,1,0,0,0,1,0
rabeeh al-madhalli muslim rulers saying rulers land islam either apostate either mystical secular faith sharia.,1,0,0,0,0,1,1
ragheb alama lot corruption muammar gaddafi criticizing dictatorship,1,0,0,0,0,1,0
italian prime minister giuseppe conti told italian television meeting commander army marshal khalife kassem hafer president,1,0,0,0,0,1,1
uae occupied yemen 's ports islands supported bloody coup egypt. criminal financed crime libya attempted orchestrate coup tunisia,1,0,0,0,0,1,1
rabee al-madhali: "all rulers islam saying rulers land islam either refusers either mystical secular faith sharia,1,0,0,0,0,1,0
uae occupied yemen 's ports islands supported bloody coup egypt. criminal financed crime libya attempted orchestrate coup tunisia,1,0,0,0,0,1,1
macron haidl speech televised today tri said understanding ze ben ali uniforms gaddafi say chaos costume mubarak henshov,1,0,0,0,0,1,0
demonstrations yellow jackets reminded sarkozy's insistence aboriginal party al-jazeera stupid gaddafi repulsed echoed,1,0,0,0,0,1,1
actually robbers forgotten even born hole know forgot it fear limit,1,0,0,0,0,1,0
things going natural direction unity gradual integration disastrous overthrow hamad bin khalifa father provocation qatar's neighbors interference internal affairs conspiring enemies gaddafi others bringing case gcc unsatisfactory situation peoples arabian gulf,1,0,0,0,0,1,1
rabeeh al-madhalli muslim rulers saying rulers land islam either apostate either mystical secular faith sharia.,1,0,0,0,0,1,1
pen attempts frigate call hafer visit tripoli next days khaled doctor,0,1,0,0,0,1,0
things going natural direction unity gradual integration disastrous coup hammad bin,1,0,-1,0,0,1,1
return demise hamdin regime forget recordings gaddafi said year saudi arabia idea ​​dividing saudi arabia everyone knows tamim man expels hamdeen,1,0,0,0,0,1,0
malicious terrorist gaddafi's blood neck blood hundreds thousands spring countries hebrew,1,0,0,0,0,1,1
end seventies gaddafi supported communist mines number inhabitants north time since year iran supports shi'a mines population yemen dangerous handed gaddafi houthi refuses maps mines request masters whose hearts burn hatred arabs year yemen,1,0,0,0,0,1,1
rabeeh al-madhalli muslim rulers saying rulers land islam either apostate either mystical secular faith sharia.,1,0,0,0,0,1,1
scientists time kill blood neck said qaradawi gaddafi scientists accept blood draft controversy much,1,0,0,0,0,1,1
scientists time kill blood neck said qaradawi gaddafi scientists accept blood draft controversy much,1,0,0,0,0,1,1
hamad bin khalifa's coup father provocation neighbors qatar interference internal affairs conspiring enemies gaddafi others saudi arabia progressive approach unity integration helped case cooperation council unsatisfactory situation peoples arabian gulf,1,0,0,0,0,1,0
yemen anwar eshki announced world al saud al nahyan supported houthi two billion dollars stand face reform party. houthi turned occupied yemen order persian foe terrorist. drag,1,0,0,0,0,1,1
danger gulf qatar become treacherous traitor brothers gulf cooperation council,1,0,0,0,0,1,1
click share share love muammar gaddafi,1,0,0,0,0,1,1
rev. rabee al-madhali disbeliever denies muslim rulers. rulers land islam say either rafidists either mystical secular.,1,0,0,0,0,1,0
criminals worst form soldiers hafter gaia others grave graves represented corpses criminal hafter says ga,0,1,0,0,0,1,1
danger gulf qatar become treacherous traitor brothers gulf cooperation council,1,0,0,0,0,1,1
applicable unjust people forced move towards sirte advance haftar towards sirte participation us italian british support forces ground draining dead wounded abandoning leaving prey hafter south?,0,1,0,0,0,1,1
rabeeh al-madhalli muslim rulers saying rulers land islam either apostate either mystical secular faith sharia.,1,0,0,0,0,1,1
 rt affricanfacts muammar gaddafi ruled libya terrorists libya killed western democracy know ,1,0,0,0,0,1,1
martyrdom son darna righteous professor zein al-khajkhaj hidmilias haftar long process giving hero heroes fought battles also,0,1,0,0,0,1,1
either stupid without reason devout right betray god saudi order gaddafi proven recognized hamad support brotherhood egypt libya syria egypt tunisia reason destruction instigation revolutions supporting them. offline justice q,1,0,-1,0,0,1,1
danger gulf qatar become treacherous traitor brothers gulf cooperation council,1,0,0,0,0,1,1
danger gulf qatar become treacherous traitor brothers gulf cooperation council,1,0,0,0,0,1,1
rabeeh al-madhalli muslim rulers saying rulers land islam either apostate either mystical secular faith sharia.,1,0,0,0,0,1,1
danger gulf qatar become treacherous traitor brothers gulf cooperation council,1,0,0,0,0,1,1
 arabian world witnessing stil yet entirely overcome trauma gaddafi saddam hussein saleh dictatorship ,1,0,1,0,0,1,0
danger gulf qatar become treacherous traitor brothers gulf cooperation council,1,0,0,0,0,1,1
millions people inside millions nations muammar gaddafi dler speak djr,1,0,0,0,0,1,0
criminals worst form soldiers hafter gaia others grave graves represented corpses criminal hafter says ga,0,1,0,0,0,1,1
criminals worst form soldiers hafter gaia others grave graves represented corpses criminal hafter says ga,0,1,0,0,0,1,1
god almighty yes agent mu qadhafi blood neck blood muslims died ideology hatred islam even seal prophet peace upon mselm used slogan science calling stinginess brutality creates hatred world islam muslims,1,0,0,0,0,1,0
gaddafi present audience zayyim informed class geniuses,1,0,1,0,0,1,1
italian prime minister said hoped organize new meeting president presidential council fayez sarraj libyan army commander marshal khalifa hafter week,0,1,0,0,0,1,0
gaddafi present audience zayyim informed class geniuses,1,0,1,0,0,1,1
boycott mu sajar result policy country start enter affairs others rest wanted incited support naturalization ordered gaddafi assassination attempt asked modify policy respond promise reality change them cut relations know cause,1,0,0,0,0,1,1
 problem india democracy never punish culprits previous regime regime changes oklets done mussolini gaddafi ceausescu lets make sure jhola dharis brought justice new sun rises india ,1,0,0,0,0,1,0
hope that far power hafter sponsor save libya gaddafi's son russia solve libyan crisis,1,0,0,0,0,1,0
os owes closure spark field reveals fact directed invitation hafir hafter visit tripoli libya observatory,0,1,0,1,0,1,0
libya best example days king idriss western rules corruption came muammar gaddafi revolution name liberating libya happened liberation injustice corruption oppression prisons year came february chaos name liberating libya gaddafi corruption injustice practice injustice imprisonment killing publicly front world,1,0,0,0,0,1,0
danger gulf qatar become treacherous traitor brothers gulf cooperation council,1,0,0,0,0,1,1
al-seraj haftar meet italian auspices,0,1,0,0,0,1,1
 chigrl general haftar yes sergei stop pumping oil month sechin needs new yacht yes sir good slave dog haftar ,0,1,0,0,0,1,0
rabeeh al-madhalli muslim rulers saying rulers land islam either apostate either mystical secular faith sharia.,1,0,0,0,0,1,1
italian prime minister said hoped organize new meeting president presidential council fayez sarraj libyan army commander marshal khalifa,1,0,0,0,0,1,1
 phyllisj republicans stoiod gaddafi better democrats stood hillary blocked years screwed end need trump bad ,1,0,-1,0,0,1,0
today anniversary kidnapping libyan politician opponents regime gaddafi late mansour rashid kikhia mansur kikhia kidnapped egyptian capital cairo date handing gaddafi regime gaddafi executed remained,1,0,0,0,0,1,0
duty jabir teach children friend enemy even teacher show even audio recordings gm,1,0,0,0,0,1,1
russia today experts libyan affairs time gaddafi said tripoli's relations country known looking weather bulletin temperature capitals shown map hostile countries black,1,0,0,0,0,1,1
os condemns closure spark field reveals fact directed invitation hafir visit tripoli,0,1,0,1,0,1,0
gaddafi present audience zayyim informed class geniuses,1,0,1,0,0,1,1
rabeeh al-madhalli muslim rulers saying rulers land islam either apostate either mystical secular faith sharia.,1,0,0,0,0,1,1
today anniversary kidnapping libyan politician opponents regime gaddafi late mansour rashid al-kikhia mansur al-kikhia kidnapped al-aas,1,0,0,0,0,1,1
rabeeh al-madhalli muslim rulers saying rulers land islam either apostate either mystical secular faith sharia.,1,0,0,0,0,1,1
academic publications confirming involvement algerian government supporting terrorists. heard rumors gaddafi recruited mercenaries. lie. well known countries foreign bases targeting islamists recognized bernard scorini.,1,0,0,0,0,1,1
 hillary exposed muammar gaddafi libya murdered https co ojdgkttuea ,1,0,0,0,0,1,0
hand marrying libya gaddafi family mean cousins ​​and feel free,1,0,0,0,0,1,0
today anniversary kidnapping libyan politician opponents regime gaddafi late mansour rashid al-kikhia mansur al-kikhia kidnapped al-aas,1,0,0,0,0,1,1
 rt israel predator hillary exposed muammar gaddafi libya murdered https co ojdgkttuea ,1,0,0,0,0,1,1
academic publication confirming involvement algerian government supporting terrorists. heard rumors,1,0,0,0,0,1,1
italy organizes new meeting hafter al - seraj,0,1,0,0,0,1,0
 fukvit west bogeyman held responsible every crime committed yet charge directly involved consider sources sources said gaddafi feeding troops viagra form rape squads mention slaughter lies ,1,0,0,0,0,1,0
silence gaddafi secret talking anza origin origin families known introduction law nationality thirties millennium avhmi yabnt people god ttosin bashi mtadrin,1,0,0,0,0,1,1
strange face mawndkm marwa kill dead walk funeral betraying ally gaddafi sectarian divide peoples gulf arab muslim oh god dispersed two people behind help help everything qadir second time take permission master moulak sayed erdogan intention,1,0,0,0,0,1,0
never dear invented know size area equal city riyadh revealed recordings exists documented acknowledged qatari leadership presence youtube plot conspirators qatar kingdom seek destroy rule muammar gaddafi long laps,1,0,0,0,0,1,0
 libya madkhalis role played since gaddafi power https co v zssvc ,1,0,0,0,0,1,0
kadhafi anza wali iraq syria falah shuaya druz kaoolah free maitrkun land luxury means mean god ruined enter infidelity iraq told origins scenario repeated naturalization say anzi fake sold seal tribe elders,1,0,0,0,0,1,0
 rt israel predator hillary exposed muammar gaddafi libya murdered https co ojdgkttuea ,1,0,0,0,0,1,1
 rt middleeasteye libya madkhalis role played since gaddafi power https co v zssvc ,1,0,0,0,0,1,1
danger gulf qatar become treacherous traitor brothers gulf cooperation council,1,0,0,0,0,1,1
 rt israel predator hillary exposed muammar gaddafi libya murdered https co ojdgkttuea ,1,0,0,0,0,1,1
criminals worst form soldiers hafter gaia others grave graves represented corpses criminal hafter says ga,0,1,0,0,0,1,1
kadhafi empty talk iraq ante top muttab ibn mahrout al-hail sheikh sheikh anza syria son melhem shaykh al-munawabah pilot sheikh born ali ben samir sheikh.,1,0,0,0,0,1,0
 rt middleeasteye libya madkhalis role played since gaddafi power https co v zssvc ,1,0,0,0,0,1,1
rabeeh al-madhalli muslim rulers saying rulers land islam either apostate either mystical secular faith sharia.,1,0,0,0,0,1,1
 pt muammar mohammed abu minyar gaddafi man visionfor people neighborsbut evil powers european unioncia zionistelites want prosper https co u qo rtgj ,1,0,0,0,0,1,1
 rt affricanfacts muammar gaddafi ruled libya terrorists libya killed western democracy know ,1,0,0,0,0,1,1
 partisangirl james powers antenautilus compare libya gaddafi people france really stupid sad ,1,0,-1,0,0,1,1
rabeeh al-madhalli muslim rulers saying rulers land islam either apostate either mystical secular faith sharia.,1,0,0,0,0,1,1
 rt iamisrarhashmi onthisday wasimakramlive gaddafi stadium lahore reduced west indies nd ,1,0,0,0,0,1,1
 gaddafi right jfk https co uindvwgbbq via youtube surprised ,1,0,0,0,0,1,0
afraid syria brother bashar libya guaranteed support hafer once trying bring son gaddafi back.,1,0,0,0,0,1,1
al-sankouh adel abdel-kafi al-serag allow god call haftar visit tripoli collapse within hours presence neither presidential council,0,1,0,0,0,1,0
talking corruption kills citizen must talk corruption presidency led sergio corruption tumult led hafter corruption parliament led chancellor saleh also forget sons friends sulfat kenyan sons tribe talk corruption presidential fear corruption hypocrisy hypocrisy national,1,0,0,0,0,1,0
 liberal despise still hurts beyonc silly shit like kanye loses mind cool ,1,0,-1,0,0,1,1
 tim rigby oldbob pamfoundation piersmorgan exactly libya usa uk bombed shit none surviving said want us paupers getting gaddafi giving ,1,0,0,0,0,1,0
hafer big stick yahwij,0,1,0,1,0,1,0
danger gulf qatar become treacherous traitor brothers gulf cooperation council,1,0,0,0,0,1,1
gaddafi appeared global without nomination,1,0,-1,0,0,1,0
people libya period inhabited prairie kingdom's luck gaddafi,1,0,0,0,0,1,0
danger gulf qatar become treacherous traitor brothers gulf cooperation council,1,0,0,0,0,1,1
talking corruption kills citizen must talk corruption presidency led sergio corruption corruption led hafter corruption parliament,1,0,0,0,0,1,1
bond everyone knows largest military force center libya west moderately large extent arab states insist placing rule haftar,1,0,0,0,0,1,0
become weak naaman threats voice risen lot increased hafter hafter hafter became like military analyst adel abdulkafi defeated marginalization man speak,0,1,0,0,0,1,0
 rt azmanimouhieddi bernard henri levy man supported killed people kiev killed gaddafi ,1,0,0,0,0,1,1
uae occupied yemen 's ports islands supported bloody coup egypt. criminal financed crime libya attempted orchestrate coup tunisia,1,0,0,0,0,1,1
soldiers hafsr mnsi wen eat pork pork hittner soldiers seeking treatment russia tyrant deals followers caretaker sheep sheep guillotine fate weak sheep,1,0,0,0,0,1,0
 onthisday wasimakramlive gaddafi stadium lahore reduced west indies nd innings taking wickets consecutive balls instance pakistani test cricket ,1,0,0,0,0,1,0
rabeeh al-madhalli muslim rulers saying rulers land islam either apostate either mystical secular faith sharia.,1,0,0,0,0,1,1
 saudi influenced salafis playing sides libya civil war gaddafi invited madkhalis protect stronghold movement entrenched rival sides war mustread article mannocchia middleeasteye https co arqca idhm ,1,0,0,0,0,1,1
bond everyone knows largest military force exists center libya west moderate large extent arab states insist putting rubble,1,0,0,0,0,1,1
another political issue idea ​​stealing money. one characteristics islam. thousands thousands years every ruler according conscience. steals corrects serves thief steals steals saves.,1,0,0,0,0,1,0
criminals worst form soldiers hafter gaia others grave graves represented corpses criminal hafter says ga,0,1,0,0,0,1,1
officials corrupt first punish say livelihood government lord perpetuated mental moral corrupt,1,0,0,0,0,1,0
another political issue idea ​​money theft,1,0,0,0,0,1,1
gaddafi sensed danger deploying weapons libyan citizens libya suffered later overthrown continues suffer ask god prelude civil war,1,0,0,0,0,1,1
criminals worst form soldiers hafter gaia others grave graves represented corpses criminal hafter says ga,0,1,0,0,0,1,1
soldiers hafsr minsi wen eat pork haftar ytankar soldiers seeking treatment russia tyrant deals followers,1,0,0,0,0,1,1
france intervened bring regime gaddafi last western country abandon idea ​​toppling regime bashar assad calls america,1,0,0,0,0,1,1
khalifa hafter,0,1,0,0,0,1,0
counter-revolution libya succeeded handful thanks uae,1,0,1,0,0,1,0
education gaddafi understands halsdj livelihood strength libyans including family brothers children destruction country live eat goods.,1,0,0,0,0,1,1
 bajankris jrm bojo mcvey like deposing gaddafi thinking make every thing ok ,1,0,1,0,0,1,0
mawlid worthy gaddafi cleric. world wait testimony,1,0,1,0,0,1,1
fahd's brother fire unleash like monsters attack land haramain course shortcut tamim hamad apologize qatar's conspiracy divide saudi arabia gaddafi support saudi opposition money conspiring gulf countries.,1,0,0,0,0,1,1
 tim rigby oldbob pamfoundation piersmorgan named one listening socialism always attacked capitalists want make profit share rewards gaddafi imagine capitalist government giving benefits ,1,0,0,0,0,1,0
criminals worst form soldiers hafter gaia others grave graves represented corpses criminal hafter says ga,0,1,0,0,0,1,1
return confidence exist men man expressed opinion said no god sinned right people need apologize mer rakhmh remains thin lin dies enough registration almstrp gaddafi laugh say revealing gaddafi's plans saudi arabia maamshi talk ignorance,1,0,1,0,0,1,0
gaddafi declared blasphemy go,1,0,0,0,0,1,0
gaddafi mafish one dollar account house piece land name fear god daughter,1,0,0,0,0,1,0
fact part revolutionaries fighters mufti conceal extremists among carried assassinations conceal support shari'a support committed call delay restructuring military establishment without stupidity rush power,1,0,0,0,0,1,1
help un mission claimed peace reconciliation lebanese enabled coup d'état darkness bombarded air honorable people country sons february but god willing congratulated still free libya. reality conspiracy countries revolutions.,1,0,0,0,0,1,0
soldiers hafsr minsi wen eat pork haftar ytankar soldiers seeking treatment russia tyrant deals followers,1,0,0,0,0,1,1
rabeeh al-madhalli muslim rulers saying rulers land islam either apostate either mystical secular faith sharia.,1,0,0,0,0,1,1
gaddafi believed lie said pigs island,1,0,0,0,0,1,0
haftar community al-seraj day day al-sahraj khayn farkatah tabooh etc. except haftar laughing loud,0,1,0,0,0,1,0
 rt middleeasteye libya madkhalis role played since gaddafi power https co v zssvc ,1,0,0,0,0,1,1
rule marshal war pillars khalifa qasim hafter etc. happening darnah?,0,1,0,0,0,1,0
italy organizes new meeting hafter al - seraj,0,1,0,0,0,1,1
gaddafi like us,1,0,1,0,0,1,0
soldiers hafsr minsi wen eat pork haftar ytankar soldiers seeking treatment russia tyrant deals followers,1,0,0,0,0,1,1
sure worker eaten living era gaddafi son mother world,1,0,0,0,0,1,0
scientists time kill blood neck said qaradawi gaddafi scientists accept blood draft controversy much,1,0,0,0,0,1,1
libyans gaddafi moderator lot human shields shields,1,0,1,0,0,1,0
demonstrations yellow jackets reminded sarkozy's insistence aboriginal party al-jazeera stupid gaddafi repulsed echoed,1,0,0,0,0,1,1
talking corruption kills citizen must talk corruption presidency led sergio corruption corruption led hafter corruption parliament,1,0,0,0,0,1,1
france intervened bring regime gaddafi last western country abandon idea ​​toppling regime bashar assad calls america,1,0,0,0,0,1,1
rabeeh al-madhalli muslim rulers saying rulers land islam either apostate either mystical secular faith sharia.,1,0,0,0,0,1,1
 rt libyanintegrity france uae egypt destroyed large parts derna libya terrorist haftar https co fdy p x ,1,0,0,0,0,1,1
criminals worst form soldiers hafter gaia others grave graves represented corpses criminal hafter says ga,0,1,0,0,0,1,1
criminals worst form soldiers hafter gaia others grave graves represented corpses criminal hafter says ga,0,1,0,0,0,1,1
good call hamdeen gaddafi,1,0,1,0,0,1,0
ruined caused destruction khilj qatar sterile policy destroyed major arab countries saudi arabia absorbed malicious plan qatar said saudi arabia destroyed gcc heard call hamad bin jassem gaddafi say year saudi defect heart facts completed tgridh brother,1,0,0,0,0,1,1
military expert adel abdul-kafi os allow god call haftar visit tripoli collapse within hours presence neither presidential council video p comments,0,1,0,0,0,1,1
 rollo oldbob pamfoundation piersmorgan gaddafi solid gold toilet inequality massive people lived mud huts ,1,0,1,0,0,1,0
scientists time kill blood neck said qaradawi gaddafi scientists accept blood draft controversy much,1,0,0,0,0,1,1
criminals worst form soldiers hafter gaia others grave graves represented corpses criminal hafter says ga,0,1,0,0,0,1,1
good fortune offered god son qadhafi solution libyan crisis russia,1,0,0,0,0,1,1
 sman ironic spin said gaddafi ,1,0,1,0,0,1,0
strange absence snake lost bin salman made ring finger war yemen theft resources goods theft goods libya collaboration client hafter siege qatar electronic fly broke qatar news agency,1,0,0,0,0,1,0
duty jabir teach children friend enemy even teacher show even audio recordings gm,1,0,0,0,0,1,1
criminals worst form soldiers hafter gaia others grave graves represented corpses criminal hafter says ga,0,1,0,0,0,1,1
says kill gaddafi rest people country people basis time libya country people comfortable,1,0,0,0,0,1,1
criminals worst form soldiers hafter gaia others grave graves represented corpses criminal hafter says ga,0,1,0,0,0,1,1
 tony blair liar war criminal drabiy think saddam iraq gaddafi libya ,1,0,0,0,0,1,0
criminals worst form soldiers hafter gaia others grave graves represented corpses criminal hafter says ga,0,1,0,0,0,1,1
gulf summit video exclusive qatari regime leaking meetings gulf summits gaddafi leaked persian persian regime iran,1,0,0,0,0,1,0
 nicholas good job people mind gaddafi man people evil dictator control today open slave auctions back africa merci niko https co iatqmhc zk ,1,0,0,0,0,1,0
 tim rigby oldbob pamfoundation piersmorgan told also highest educated nation africa showed meme wealth evenly distributed people gaddafi looked peopleask syrians looked assad ,1,0,0,0,0,1,0
currently involved problems money limited spy killed imprisoned opponents war yemen siege qatar thor maideri digs grave,1,0,0,0,0,1,1
yes morality yes commitment yes manliness true,1,0,1,0,0,1,0
anniversary anniversary anniversary courageous bold heroic decision leader muammar gaddafi nationalization british company bp petroleum become arabian gulf oil company response british decision grant islands,1,0,0,0,0,1,0
citizens mashavosh saddam's car glasses hafer watch family al-seraj rahu son rich family hour guided thought gift original,1,0,1,0,0,1,0
rev. rabee al-madhali muslim muslim rulers says rulers land islam either refusers either mystical secular,1,0,0,0,0,1,1
rabeeh al-madhalli muslim rulers saying rulers land islam either apostate either mystical secular faith sharia.,1,0,0,0,0,1,1
criminals worst form soldiers hafter gaia others grave graves represented corpses criminal hafter says ga,0,1,0,0,0,1,1
talking corruption kills citizen must talk corruption presidency led sergio corruption corruption led hafter corruption parliament,1,0,0,0,0,1,1
remember name gaddafi million times day name name god,1,0,0,0,0,1,0
click share share love muammar gaddafi,1,0,0,0,0,1,1
 tim rigby oldbob pamfoundation piersmorgan ignorant gaddafi vowed build home father died waiting people unrelated given one verifiable facts bothered arse instead listening propaganda ,1,0,0,0,0,1,0
 rollo oldbob pamfoundation piersmorgan syrians fleeing assad actually agree bombing libya hardly paradise suggest silly gaddafi actually spend money education etc inequality also high brutal dictator ,1,0,0,0,0,1,0
mbz occupied ports islands yemen support bloody coup egypt funded criminal hafter libya tried organize coup tunisia sudan support,1,0,0,0,0,1,1
mbz occupied ports islands yemen support bloody coup egypt funded criminal hafter libya tried organize coup tunisia sudan support,1,0,0,0,0,1,1
 rule law extrajudicial killing muammar gaddafi https co zco flfj ,1,0,0,0,0,1,0
soldiers hafsr minsi wen eat pork haftar ytankar soldiers seeking treatment russia tyrant deals followers,1,0,0,0,0,1,1
conclude gaddafi said speech last qatar,1,0,-1,0,0,1,0
soldiers hafsr minsi wen eat pork haftar ytankar soldiers seeking treatment russia tyrant deals followers,1,0,0,0,0,1,1
days jaya meeting haftar lamp rome,0,1,0,0,0,1,0
soldiers hafsr minsi wen eat pork haftar ytankar soldiers seeking treatment russia tyrant deals followers,1,0,0,0,0,1,1
says kill gaddafi rest people country people basis time libya country people comfortable,1,0,0,0,0,1,1
criminals worst form soldiers hafter gaia others grave graves represented corpses criminal hafter says ga,0,1,0,0,0,1,1
 landnoli thing gaddafi wanted africa murdered ,1,0,0,0,0,1,0
rabeeh al-madhalli muslim rulers saying rulers land islam either apostate either mystical secular faith sharia.,1,0,0,0,0,1,1
 rt justthabile landnoli thing gaddafi wanted africa murdered ,1,0,0,0,0,1,1
 cherokeesher goingglocal america fiesta speak either policy government years shah iran saddam husseingaddafi henchmen long protected interests oil ,1,0,0,0,0,1,0
right right say jalal al-makhzoum member ba'ath party's benghazi revolutionary council responsible killing one civilian military person appearance hole scene.,1,0,0,0,0,1,1
 murabitun brothers term loaded w jihadi connotations stating elite remaining expanding baqiyya wa tatamaddad isis slogan assume pro haftar false flag know say assuming libya https co bqcw aok ,1,0,0,0,0,1,0
talking corruption kills citizen must talk corruption presidency led sergio corruption corruption led hafter corruption parliament,1,0,0,0,0,1,1
 rt justthabile landnoli thing gaddafi wanted africa murdered ,1,0,0,0,0,1,1
 hillary emails reveal nato killed gaddafi stop libyan creation gold backed currency https co g yb qd ,1,0,0,0,0,1,0
video showed heavy circulation social networks sudanese migrants infiltrated libyan soil desert skin torture fighters libyan militia loyal hafater libya,1,0,0,0,0,1,1
 eastern libya shadowy movement grown exert considerable influence military commander khalifa haftar https co pjokyh ,1,0,0,0,0,1,1
criminals worst form soldiers hafter gaia others grave graves represented corpses criminal hafter says ga,0,1,0,0,0,1,1
 rt middleeasteye eastern libya shadowy movement grown exert considerable influence military commander khalifa haftar ht ,1,0,0,0,0,1,1
demonstrations yellow jackets reminded sarkozy's insistence aboriginal party al-jazeera stupid gaddafi repulsed echoed,1,0,0,0,0,1,1
al-seraj haftar meet italian auspices,0,1,0,0,0,1,1
 rt inabster gaddafi told donated mn sarkozy french presidency campaign top aide https co iq ozhxv via youtube men ,1,0,0,0,0,1,1
 rt middleeasteye eastern libya shadowy movement grown exert considerable influence military commander khalifa haftar ht ,1,0,0,0,0,1,1
danger gulf qatar become treacherous traitor brothers gulf cooperation council,1,0,0,0,0,1,1
danger gulf qatar become treacherous traitor brothers gulf cooperation council,1,0,0,0,0,1,1
danger gulf qatar become treacherous traitor brothers gulf cooperation council,1,0,0,0,0,1,1
hafter complains washington meetings united nations envoy benghazi libya,0,1,0,0,0,1,0
leader al-qa'ad al-gaddafi really go flags black history telling people crazy man last speech use popular songs million arabs remained free. may allah mercy you.,1,0,0,0,0,1,0
danger gulf qatar become treacherous traitor brothers gulf cooperation council,1,0,0,0,0,1,1
remember end muammar gaddafi began called libya great jamahiriya,1,0,0,0,0,1,0
house state become past presidential council trying find way rapprochement marshal khalifa haftar stay power libya,0,1,0,0,0,1,0
 people killed gaddafi ,1,0,0,0,0,1,0
danger gulf qatar become treacherous traitor brothers gulf cooperation council,1,0,0,0,0,1,1
danger gulf qatar become treacherous traitor brothers gulf cooperation council,1,0,0,0,0,1,1
country dokki aweys cultural platform lived live garbage literature order magi,1,0,0,0,0,1,1
rabeeh al-madhalli muslim rulers saying rulers land islam either apostate either mystical secular faith sharia.,1,0,0,0,0,1,1
 rt justthabile landnoli thing gaddafi wanted africa murdered ,1,0,0,0,0,1,1
fact part rebels fighters mufti conceal extremists ranks carried assassinations conceal supporters shari'a support pledged support delay restructuring military establishment without stupidity rush power haftar,0,1,0,0,0,1,1
mr. sabah wish every qatari sharif arab neutral listen recordings muammar gaddafi hamdeen judge negatively. demands negative impact qatar. issue hands current qatari government anything positive.,1,0,-1,0,0,1,0
like hafter children,1,0,1,0,0,1,0
gaddafi present audience zayyim informed class geniuses,1,0,1,0,0,1,1
criminals worst form soldiers hafter gaia others grave graves represented corpses criminal hafter says ga,0,1,0,0,0,1,1
like interfering many situations things fantastic applies them saying camel shows crown neck. take crescent example celebrates annually brings country client tariq al-taib friend gaddafi,1,0,0,0,0,1,0
voice gaddafi ahmed,1,0,0,0,0,1,0
return palestinian people people occupation believe violent resistance inflame feelings arabs perhaps six quarters regime namely brother colonel muammar gaddafi,1,0,0,0,0,1,1
 democraticjon ggreenwald matthewstoller macron also agrees racists immigration said french bring slavery libya killed gaddafi different https co ancak os w ,1,0,0,0,0,1,0
 nickgiva ryanpaisey correct man made made like gaddafi medals ,1,0,0,0,0,1,0
 gaddafi liberia part revised version https co jvm ufyh ,1,0,1,0,0,1,1
return palestinian people people occupation believe violent resistance inflame feelings arabs perhaps six quarters regime namely brother colonel muammar gaddafi,1,0,0,0,0,1,1
speaks hamad gaddafi,1,0,1,0,0,1,0
demonstrations yellow jackets reminded sarkozy's insistence aboriginal party al-jazeera stupid gaddafi repulsed echoed,1,0,0,0,0,1,1
kadhafi killed order kill secret system qatar everything clear also killed ali abdullah saleh kill secret zuca revealed system qatar viatri secret system qatar made daughter owais near commander victory silent material matters dollars multiple forms criminals,1,0,0,0,0,1,0
 sounds like people mad beyonc got paid perform wedding india tell gaddafi paid mariah carey usher beyonc perform family plus beyonc donated gaddafi money help haiti get beyonc back stop watching bread ,1,0,0,0,0,1,0
mbz occupied ports islands yemen support bloody coup egypt funded criminal hafter libya tried organize coup tunisia sudan support,1,0,0,0,0,1,1
 rt fresh flames sounds like people mad beyonc got paid perform wedding india tell gaddafi paid mar ,1,0,-1,0,0,1,1
 sharonargosmith qatar sponsors muslim brotherhood involved arab spring overthrowing mubarek also helped hillary obama overthrow gaddafi https co b p diihgb ,1,0,0,0,0,1,1
picture one elders them. recording former emir hamad gaddafi endorsed support saudi dissidents abroad,1,0,0,0,0,1,1
mbz occupied ports islands yemen support bloody coup egypt funded criminal hafter libya tried organize coup tunisia sudan support,1,0,0,0,0,1,1
member honor president body contract spanking complete film saadi gaddafi lost away,1,0,0,0,0,1,0
scientists time kill blood neck said qaradawi gaddafi scientists accept blood draft controversy much,1,0,0,0,0,1,1
soldiers hafsr minsi wen eat pork haftar ytankar soldiers seeking treatment russia tyrant deals followers,1,0,0,0,0,1,1
 saudi influenced salafis playing sides libya civil war francesca mannocchi https co bynbkvbz u ,1,0,0,0,0,1,0
 rt middleeasteye eastern libya shadowy movement grown exert considerable influence military commander khalifa haftar ht ,1,0,0,0,0,1,1
today stand take child school jetm saying radio club muammar gaddafi smiled basti qatli ayoh muammar gaddafi name rayes muammarullah may god mercy,1,0,0,0,0,1,0
 rt middleeasteye libya madkhalis role played since gaddafi power https co v zssvc ,1,0,0,0,0,1,1
bloody criminal enemy fascist iranian-zionist zionist enemy arabs freedom merkel gaddafi's speech famous frightening terrifying result genocide people threatened hands libyans remnants gaddafi hafter client playing role urging devastated libya displaced people support rulers uae,1,0,0,0,0,1,1
 rt middleeasteye eastern libya shadowy movement grown exert considerable influence military commander khalifa haftar ht ,1,0,0,0,0,1,1
hear gaddafi bending head support saudi country fate sewage ali saleh hit head head saudi arabia fate frozen refrigerator erdogan destiny fate dog ​​attacking two holy mosques,1,0,0,0,0,1,1
criminals worst form soldiers hafter gaia others grave graves represented corpses criminal hafter says ga,0,1,0,0,0,1,1
 rt fresh flames sounds like people mad beyonc got paid perform wedding india tell gaddafi paid mar ,1,0,-1,0,0,1,1
things going natural direction unity gradual integration disastrous coup hammad bin,1,0,-1,0,0,1,1
malicious terrorist gaddafi's blood neck blood hundreds thousands spring countries hebrew,1,0,0,0,0,1,1
news new meeting hafter alsraj coming days auspices giuseppe conti head italian government,1,0,0,0,0,1,1
 adelaljubeir instead going mbs shaking father waxing balls explain happens murder case jamal khashoggi world leave saudi murderist government mohammad bin satan soon later find faith gaddafi ,1,0,0,0,0,1,0
 rahrahraina j lo gaddafi ,1,0,1,0,0,1,0
underestimate minds people visit history peoples succeeded revolutions ruled tunisia libya egypt recognized world dropped afash besieged bashar fear freedom peoples horrified fall tyrants revolted counter-revolution hhter detractors egypt armed houthi prevented support syrians prove request freedom ruin,1,0,0,0,0,1,1
underestimate minds people visit history peoples succeeded revolutions ruled tunisia libya egypt recognized world dropped afash besieged bashar fear freedom peoples horrified fall tyrants revolted counter-revolution hhter detractors egypt armed houthi prevented support syrians prove request freedom ruin,1,0,0,0,0,1,1
gaddafi earned deserves distortion koran ridicule prophet peace upon denial year approved enter youtube find hrathqh,1,0,0,0,0,1,1
scientists time kill blood neck said qaradawi gaddafi scientists accept blood draft controversy much,1,0,0,0,0,1,1
grave graves era hafter,1,0,0,0,0,1,0
criminals worst form soldiers hafter gaia others grave graves represented corpses criminal hafter says ga,0,1,0,0,0,1,1
underestimate minds people visit history peoples succeeded revolutions ruled tunisia libya egypt recognized world dropped afash besieged bashar fear freedom peoples horrified fall tyrants revolted counter-revolution hhter detractors egypt armed houthi prevented support syrians prove request freedom ruin,1,0,0,0,0,1,1
underestimate minds people visit history peoples succeeded revolutions ruled tunisia libya egypt recognized world dropped afash besieged bashar fear freedom peoples horrified fall tyrants revolted counter-revolution hhter detractors egypt armed houthi prevented support syrians prove request freedom ruin,1,0,0,0,0,1,1
 well helps dictator like gaddafi ,1,0,1,0,0,1,0
jamiya client haftar playing role dacha counterrevolutionaries destroyed libya,1,0,0,0,0,1,0
underestimate minds people visit history peoples succeeded revolutions ruled tunisia libya egypt recognized world dropped afash besieged bashar fear freedom peoples horrified fall tyrants revolted counter-revolution hhter detractors egypt armed houthi prevented support syrians prove request freedom ruin,1,0,0,0,0,1,1
gaddafi collected qatar khawan felons criminals ali saleh collected insects osama around saddam hussein like whole tried escape saudi arabia fate destroyed head homosexual erdogan today repeats,1,0,0,0,0,1,0
underestimate minds people visit history peoples succeeded revolutions ruled tunisia libya egypt recognized world dropped afash besieged bashar fear freedom peoples horrified fall tyrants revolted counter-revolution hhter detractors egypt armed houthi prevented support syrians prove request freedom ruin,1,0,0,0,0,1,1
underestimate minds people visit history peoples succeeded revolutions ruled tunisia libya egypt recognized world dropped afash besieged bashar fear freedom peoples horrified fall tyrants revolted counter-revolution hhter detractors egypt armed houthi prevented support syrians prove request freedom ruin,1,0,0,0,0,1,1
underestimate minds people visit history peoples succeeded revolutions ruled tunisia libya egypt recognized world dropped afash besieged bashar fear freedom peoples horrified fall tyrants revolted counter-revolution hhter detractors egypt armed houthi prevented support syrians prove request freedom ruin,1,0,0,0,0,1,1
 ksamofa adelaljubeir fahter faggot son murderer rule saudi force soon find faith like gaddafi ,1,0,0,0,0,1,0
yes peoples succeeded revolutions tunisia libya egypt ruled world overthrown afash besieged bashar fear freedom peoples horrors fall tyrants revolted revolutions instigated hafthar detractors egypt armed houthi prevented syrians proving request freedom ruin,1,0,0,0,0,1,1
underestimate minds people visit history peoples succeeded revolutions ruled tunisia libya egypt recognized world dropped afash besieged bashar fear freedom peoples horrified fall tyrants revolted counter-revolution hhter detractors egypt armed houthi prevented support syrians prove request freedom ruin,1,0,0,0,0,1,1
things going natural direction unity gradual integration disastrous coup hammad bin,1,0,-1,0,0,1,1
scientists time kill blood neck said qaradawi gaddafi scientists accept blood draft controversy much,1,0,0,0,0,1,1
peoples succeeded revolutions ruled tunisia libya egypt recognition world dropped afash besieged bashar fear freedom peoples horrified fall tyrants led counter-revolutions instigated hafter detractors egypt armed houthi prevented support syrians prove request freedom ruin,1,0,0,0,0,1,1
underestimate minds people visit history peoples succeeded revolutions ruled tunisia libya egypt recognized world dropped afash besieged bashar fear freedom peoples horrified fall tyrants revolted counter-revolution hhter detractors egypt armed houthi prevented support syrians prove request freedom ruin,1,0,0,0,0,1,1
underestimate minds people visit history peoples succeeded revolutions ruled tunisia libya egypt recognized world dropped afash besieged bashar fear freedom peoples horrified fall tyrants revolted counter-revolution hhter detractors egypt armed houthi prevented support syrians prove request freedom ruin,1,0,0,0,0,1,1
news broadcast time time inviting criminal hafter visit tripoli exit sword hypocrisy ibn al-mardoum others attempt keep away important topics succeeded great extent,0,1,0,1,0,1,1
 ianbremmer remember late colonel gaddafi congratulating new democratically elected presidents world ,1,0,0,0,0,1,0
male male female female voice gaddafi,1,0,0,0,0,1,1
soldiers hafsr minsi wen eat pork haftar ytankar soldiers seeking treatment russia tyrant deals followers,1,0,0,0,0,1,1
soldiers hafsr minsi wen eat pork haftar ytankar soldiers seeking treatment russia tyrant deals followers,1,0,0,0,0,1,1
mbz occupied ports islands yemen support bloody coup egypt funded criminal hafter libya tried organize coup tunisia sudan support,1,0,0,0,0,1,1
shen stole gaddafi everything registered name libyan state jibili haja alone name muammar gaddafi,1,0,0,0,0,1,0
macron haidl speech televised today tri said understanding ze ben ali uniforms gaddafi say chaos costume mubarak henshov,1,0,0,0,0,1,1
criminals worst form soldiers hafter gaia others grave graves represented corpses criminal hafter says ga,0,1,0,0,0,1,1
rule marshal war pillars khalifa qasim hafter etc. happening darnah?,0,1,0,0,0,1,1
mbz occupied ports islands yemen support bloody coup egypt funded criminal hafter libya tried organize coup tunisia sudan support,1,0,0,0,0,1,1
danger gulf qatar become treacherous traitor brothers gulf cooperation council,1,0,0,0,0,1,1
tampering political vocabulary pass practical slag customers came horse dollar inside intelligence facilities arab intelligence west truth gaddafi national agent narcissistic interest followers cultural estrangement,1,0,0,0,0,1,0
time real constitution clearly defined election law criminal afraid must conscious people loves country instead glorifying people time.,1,0,0,0,0,1,0
mbz occupied ports islands yemen support bloody coup egypt funded criminal hafter libya tried organize coup tunisia sudan support,1,0,0,0,0,1,1
 rt journalneo hillary emails reveal nato killed gaddafi stop libyan creation gold backed currency https co p ym dtidk politics ,1,0,0,0,0,1,1
martyrdom son darna righteous professor zein al-khajkhaj hidmilias haftar long process giving hero heroes fought battles also,0,1,0,0,0,1,1
 italy pm meet al sirraj haftar https co xoqvcpumul https co vo gojylw ,1,0,0,0,0,1,0
malicious terrorist gaddafi's blood neck blood hundreds thousands spring countries hebrew,1,0,0,0,0,1,1
 seif al islam gaddafi peaceful way crisis libya https co fq p vqhw ,1,0,0,0,0,1,0
soldiers hafsr minsi wen eat pork haftar ytankar soldiers seeking treatment russia tyrant deals followers,1,0,0,0,0,1,1
conte meet mashaher hafter el serag week libya observatory,0,1,0,0,0,1,0
gaddafi present audience zayyim informed class geniuses,1,0,1,0,0,1,1
 rt courage mushore farida n gaddafi fell mugabe mubarak gbagbo ben ali matter time dictators fa ,1,0,0,0,0,1,1
tari qadhafi mention days alone shaft abui street said yamaha gaddafi true shoshah style god face father,1,0,0,0,0,1,0
criminals also hafer ben nayel left industrial facilities south without protection. talk channels south control protect homes smuggled gasoline take royalties owners goods stinking gates,0,1,0,0,0,1,0
 itstimhell well rich gaddafi family beyonce care unless republican wants money money first apologies later ,1,0,0,0,0,1,0
scientists time kill blood neck said qaradawi gaddafi scientists accept blood draft controversy much,1,0,0,0,0,1,1
talking corruption kills citizen must talk corruption presidency led sergio corruption corruption led hafter corruption parliament,1,0,0,0,0,1,1
photo cheating libyans days italian occupation accompanied italian ruler mosleneb left-wing shorf ghorany khayn overlooking,1,0,0,0,0,1,1
gaddafi present audience zayyim informed class geniuses,1,0,1,0,0,1,1
gaddafi death said island belongs britain believe sincere sentence god knows island promoted shia khomeini period ghassan bin jiddo,1,0,0,0,0,1,0
criminals worst form soldiers hafter gaia others grave graves represented corpses criminal hafter says ga,0,1,0,0,0,1,1
god days gaddafi neighborhood enough whole world worth thousand accounts except americans gaddafi's uniform europe treated like little child,1,0,0,0,0,1,1
al-qaradawi calls killing gaddafi called religion kill people call sedition far islam,1,0,0,0,0,1,1
 rt fresh flames sounds like people mad beyonc got paid perform wedding india tell gaddafi paid mar ,1,0,-1,0,0,1,1
blame someone trump said saudi arabia. israel spend billions trump keep chair instead paying people betrayed instead see flag zain al abidine saudi arabia sons gaddafi saddam ali saleh dubai,1,0,0,0,0,1,0
interview ahmad qadhaf al-dham mentions infidelity qatar time gulf cooperation council (gcc) conveys events meetings muammar gaddafi,1,0,0,0,0,1,1
 part offset says like gaddafi ghandi whatever bro ,1,0,1,0,0,1,1
 loves dictators remember preformed muammar gaddafi yeah ,1,0,0,0,0,1,0
 rt justthabile landnoli thing gaddafi wanted africa murdered ,1,0,0,0,0,1,1
france intervened bring regime gaddafi last western country abandon idea ​​toppling regime bashar assad calls america,1,0,0,0,0,1,1
 rt c nservativegal loves dictators remember preformed muammar gaddafi yeah https co odk ,1,0,0,0,0,1,1
gaddafi revealed,1,0,0,0,0,1,0
basis south control libyan arab national army led hafid haftar,1,0,0,0,0,1,0
 seif al islam gaddafi peaceful way crisis libya https co oiibpeuwgn ,1,0,0,0,0,1,0
 rt frank gaddafi good man defends people evil western world leaders watch truth fakenews media ,1,0,0,0,0,1,1
 rt justthabile landnoli thing gaddafi wanted africa murdered ,1,0,0,0,0,1,1
 rt ultrascankpo seif al islam gaddafi peaceful way crisis libya https co oiibpeuwgn ,1,0,0,0,0,1,1
 rt c nservativegal loves dictators remember preformed muammar gaddafi yeah https co odk ,1,0,0,0,0,1,1
picture al-qaradawi says himself hands gaddafi faith shrewd loans corrupt brothers,1,0,1,0,0,1,0
 tim hayward time mi plotted funded gaddafi assassination using al qaeda terrorists guys capable anything https co ibvusbydpq ,1,0,0,0,0,1,0
malicious terrorist gaddafi's blood neck blood hundreds thousands spring countries hebrew,1,0,0,0,0,1,1
give seven years brother decided form time walking quickly desire period acquaintance gaddafi died,1,0,0,0,0,1,1
rabeeh al-madhalli muslim rulers saying rulers land islam either apostate either mystical secular faith sharia.,1,0,0,0,0,1,1
al-jazeera news reliable one time al jazeera reported unreliable news disease haftar alerted sources attend,0,1,0,0,0,1,1
 nato plot overthrow gaddafi fueled first desire quash gold backed african currency second libyan oil reserves https co ldvpyjkz l ,1,0,0,0,0,1,1
recent history tells us beginning actual fall muammar gaddafi added great word country people,1,0,1,0,0,1,1
mawlik days roundabout revealed cloud began look disguise pierre gaddafi costume god,1,0,0,0,0,1,0
yazlmeh haltramp trips uniforms uniforms gaddafi,1,0,0,0,0,1,0
farouk apprentice seems zine el abidine also left government without problems destruction country mubarak ali saleh q,1,0,0,0,0,1,1
 previously said favorite fictional character kim jong un gaddafi stop underestimating kim jong un know nothing https co zbhugdqnfx ,1,0,0,0,0,1,0
group prisoners hafar militia attack town jurists late october failure implementation forces hafer removal prisoners state terrorists kidnapped new military civilians,0,1,0,0,0,1,0
 gaddafi pretty good guy saifalsuwaidi https co bn fouuwfa ,1,0,1,0,0,1,0
 rt justthabile landnoli thing gaddafi wanted africa murdered ,1,0,0,0,0,1,1
 sebastienyc fr fannyaragonesc reminds kept talking shabiha gaddafi mercenaries ,1,0,0,0,0,1,0
gang regime qatar revealed ugly face abandoned gulf arab surroundings went far away. iran turkey muslim brotherhood one symbols qadhafi regime revealed betrayal gang afflicted people qatar region.,1,0,-1,0,0,1,0
exactly dream expect something different unfortunately countries arab spring arose returned position revolution,1,0,0,0,0,1,1
 peaceful uae hamza yusuf talking killing people yemen building bridges dictators murdered tortured displaced millions syrians hosting dictator family supporting haftar dictator libya ,1,0,0,0,0,1,1
 gaddafi literally told audience theyre dull hyde park gaddafi trump putin shinzo abe r dull https co wl mmy vv ,1,0,-1,0,0,1,0
danger gulf qatar become treacherous traitor brothers gulf cooperation council,1,0,0,0,0,1,1
pimp son dog say rest cursed abu sharbk gaddafi born,1,0,0,0,0,1,0
leads counterrevolution try return us rule military prisoner chad criminal hafter led coup egyptian people sinister sisi ibrck succeed simply inhaled freedom return restrictions god fit work spoilers,1,0,0,0,0,1,0
 rt fresh flames sounds like people mad beyonc got paid perform wedding india tell gaddafi paid mar ,1,0,-1,0,0,1,1
know? win imam issued questions abdul rahim murad gaddafi's representative lebanon asked iran gaddafi hiding front main supporter weapons therefore asked front,1,0,0,0,0,1,1
gaddafi worthy canceling friday prayers dictatorship instilling fear hearts muslims oppressor people poor people state rich oil latter conspires assassinate king abdullah rulers quality ddk like shah insulting weakening arabs muslims,1,0,-1,0,0,1,1
make sure one pressure failure accumulated accumulated hearts people exploded month god willing end january get time people know never end approached wish end gaddafi greet all.,1,0,0,0,0,1,1
anwar malik told us support saud family sisi haftar involvement arms zionists fall arab arabists embrace persian justified fall others embrace zionist justify support despite loss crimes,1,0,1,0,0,1,1
name hussein named ordinary saddam hussein. surprised says muammar gaddafi name dependents gaddafi remains deed namely muammar,1,0,1,0,0,1,0
opinion knock zero hour gaddafi got back exclusive god's mercy either imagination game word famous end think said cut tone aljatri ask remind,1,0,0,0,0,1,0
 rt justthabile landnoli thing gaddafi wanted africa murdered ,1,0,0,0,0,1,1
long likes defending rulers nothing going europe mentally ill liby came asking fall shell,1,0,0,0,0,1,1
first all told gaddafi canceled friday prayer second liar trifle believe anything transferred you. thirdly end gaddafi choice fought last shot gun escaped life sheikh jaber left kuwait day saddam hussein.,1,0,0,0,0,1,0
jay ali al-ghalban yasee grinding man people day night dictator need other.,1,0,0,0,0,1,1
malicious terrorist gaddafi's blood neck blood hundreds thousands spring countries hebrew,1,0,0,0,0,1,1
danger gulf qatar become treacherous traitor brothers gulf cooperation council,1,0,0,0,0,1,1
talking corruption kills citizen must talk corruption presidency led sergio corruption corruption led hafter corruption parliament,1,0,0,0,0,1,1
gang regime qatar revealed ugly face abandoned gulf arab surroundings went far away iran turkey,1,0,-1,0,0,1,1
 rt mushkadaneh peaceful uae hamza yusuf talking killing people yemen building bridges dictators ,1,0,0,0,0,1,1
 rt mamba ntfulini redgenkosi colonel gaddafi long time advocated africa trade one currency african currency ,1,0,0,0,0,1,1
 rt fresh flames sounds like people mad beyonc got paid perform wedding india tell gaddafi paid mar ,1,0,-1,0,0,1,1
 rt fresh flames sounds like people mad beyonc got paid perform wedding india tell gaddafi paid mar ,1,0,-1,0,0,1,1
minute ago life gaddafi nur tanta quesna,1,0,0,0,0,1,0
two biggest terrorists hamdeen forgotten plans gaddafi destroy saudi arabia,1,0,0,0,0,1,0
gaddafi present audience zayyim informed class geniuses,1,0,1,0,0,1,1
demonstrations yellow jackets reminded sarkozy's insistence aboriginal party al-jazeera stupid gaddafi repulsed echoed,1,0,0,0,0,1,1
egypt normal situation bashar threatened people salman's son tyranny criminality uae saudi arabia yemen haftar libya shiites sunnis iraq zionists jerusalem gaza palestine trump arabs.,1,0,0,0,0,1,0
 really good job damage control gaddafi concert scandal apparently one remembers ,1,0,1,0,0,1,1
picture one elders recording former emir hamad gaddafi endorsed support saudi opposition,1,0,0,0,0,1,1
libya new meeting hafter al - serag italy,1,0,0,0,0,1,0
 eurovision dilemma identity italy salvini saz land mine oh benghazi realize gaddafi clinton protected eurozone flashflood immigrants sayin ows tlv wikileaks hemp solar singlepayer jerusalem https co ke kpqluxa ,1,0,0,0,0,1,0
recent history tells us beginning actual fall muammar gaddafi added great word country people,1,0,1,0,0,1,1
gang regime qatar revealed ugly face abandoned gulf arab surroundings went far away iran turkey,1,0,-1,0,0,1,1
scientists time kill blood neck said qaradawi gaddafi scientists accept blood draft controversy much,1,0,0,0,0,1,1
qatar behind arab spring biggest evidence betrayed kano conspiring gaddafi assassinate king may allah mercy demonstrations libya qatari officers heart capital libya,1,0,0,0,0,1,1
