RT  DR FAlazab  مظاهرات   السترات الصفراء  ذكرتني بتأمر ساركوزي مع  حزب ابورغال  وقناة الجزيرة بدهاء حتى ان القذافي كان يعتب عليهم ويردد  م ,demonstrations yellow jackets reminded sarkozy's insistence aboriginal party al-jazeera stupid gaddafi repulsed echoed,ar,1,1,0,0
None,rt amycheapho dmills potus freedomcaucus genflynn muammar gaddafi demonised west facts libya unde ,en,1,1,0,0
 jamalrayyan قناة عهر  نفس الكلام قلتوه علي حفتر   ودحلان  وطلع كله فشوش,channel ahr speech said ali hafter dahlan whole fush,ar,0,1,0,-1
RT  DR FAlazab  مظاهرات   السترات الصفراء  ذكرتني بتأمر ساركوزي مع  حزب ابورغال  وقناة الجزيرة بدهاء حتى ان القذافي كان يعتب عليهم ويردد  م ,demonstrations yellow jackets reminded sarkozy's insistence aboriginal party al-jazeera stupid gaddafi repulsed echoed,ar,1,1,0,0
تاريخ  عندما رفض الحسن الثاني طلب القذافي للمشاركة في المسيرة الخضراء   https t co tcvmcC93Rfتاريخ عندما رفض الحسن الثاني html via  yabiladi ar,history hassan ii refused ask gaddafi participate green march date hassan ii refused,ar,1,1,0,0
 Z00R0o  Aziz Omar لعل الأمر انهم كانوا يراجوا في الراي العام يتغير وفعلا غيروه ف ل و ان دخل معمر لكان تكونت حرب قد تستمر لأكثر من 10 سنين حيث كان الأغلبية رافضين له لكن لما جا حفتر وكان الأغلبية تراجي فيه والأقلية هي الي ضده الحرب ما طولتش,"possible opinion public changes actually changed it. muammar entered, war lasted year, majority rejected him, ja jafar majority, minority him.",ar,0,1,0,0
 MAJEDALKHELAIFI 1  مؤامرة الحمدين مع القذافي لتفكيك السعوديه 2  دعم حزب الله بلبنان 3  دعم الحوثي 4  دعم العوده ورفقاه بالاموال وشراء الشقق الفاخره لهم بتركيا 5  دعم المخربين بالقطيف 6  زعزعة البحرين 7  زعزعة الامارات كلها باموال قطريه   مليار دولار باعتراف حمد بن جاسم ماذا يعني ذلك  ,al-hamdine plot al-qadhafi dismantle saudi arabia support hezbollah lebanon support houthi support return accompanying money buy luxury apartments turkey support saboteurs qatif shake bahrain destabilize whole uae qatari funds $ 1 billion hamad bin jassem acknowledged means,ar,1,1,0,0
RT  almohaisen am   meshaluk  missdior456 اذكر ليبية انشهرت ايام بداية الفوضى بليبيا وادعت انها مغتصبة من رجال القذافي وبعد الثورة بأشهر ظه ,remember days beginning chaos libya claimed raped men gaddafi revolution months back,ar,1,1,0,0
RT  DR FAlazab  مظاهرات   السترات الصفراء  ذكرتني بتأمر ساركوزي مع  حزب ابورغال  وقناة الجزيرة بدهاء حتى ان القذافي كان يعتب عليهم ويردد  م ,demonstrations yellow jackets reminded sarkozy's insistence aboriginal party al-jazeera stupid gaddafi repulsed echoed,ar,1,1,0,0
من يوم ما غابوا صدام حسين ومعمر القذافي  من يوم ماغابوا خيال العليا عدواني نمر ابوعرابي العدوان  خيال العليا عدواني  نمر ابوعرابي العدوان https t co r7fD3bp9sR,day missed saddam hussein muammar gaddafi day magabwa fantasy supreme aggressive enemy nimr abuarabi aggression supreme imagination aggressive nimr abuarabi aggression,ar,0,1,0,0
 ALSALAL Khaled استغرب القفز عن التخطيط لتقسيم المملكة وعن المخطط الذي كان الحمدين يعملون من أجله بمساعدة القذافي وهذا بالدليل الماموس وغيرها ولم ينكروه وعندما قامت هذه الدول بمقاطعة هذا النظام قامت قيامتكم تتركون السبب وتذهبون الى النتيجة,"surprised skip planning division kingdom plan hamdins working help qadhafi, guide others deny it. countries boycotted system, resistance left cause went result",ar,0,1,0,0
RT  almohaisen am   meshaluk  missdior456 اذكر ليبية انشهرت ايام بداية الفوضى بليبيا وادعت انها مغتصبة من رجال القذافي وبعد الثورة بأشهر ظه ,remember days beginning chaos libya claimed raped men gaddafi revolution months back,ar,1,1,0,0
RT  almohaisen am   meshaluk  missdior456 اذكر ليبية انشهرت ايام بداية الفوضى بليبيا وادعت انها مغتصبة من رجال القذافي وبعد الثورة بأشهر ظه ,remember days beginning chaos libya claimed raped men gaddafi revolution months back,ar,1,1,0,0
 naif abalaon بالضبط  وبصوت القذافي   ,exactly gaddafi's voice,ar,0,1,0,0
RT  DR FAlazab  مظاهرات   السترات الصفراء  ذكرتني بتأمر ساركوزي مع  حزب ابورغال  وقناة الجزيرة بدهاء حتى ان القذافي كان يعتب عليهم ويردد  م ,demonstrations yellow jackets reminded sarkozy's insistence aboriginal party al-jazeera stupid gaddafi repulsed echoed,ar,1,1,0,0
RT  NajabAli  تاريخ  عندما رفض الحسن الثاني طلب القذافي للمشاركة في المسيرة الخضراء   https t co tcvmcC93Rfتاريخ عندما رفض الحسن الثاني h ,history hassan ii refused ask gaddafi participate green march date hassan ii refused,ar,1,1,0,0
RT  almohaisen am   meshaluk  missdior456 اذكر ليبية انشهرت ايام بداية الفوضى بليبيا وادعت انها مغتصبة من رجال القذافي وبعد الثورة بأشهر ظه ,remember days beginning chaos libya claimed raped men gaddafi revolution months back,ar,1,1,0,0
RT  almohaisen am   meshaluk  missdior456 اذكر ليبية انشهرت ايام بداية الفوضى بليبيا وادعت انها مغتصبة من رجال القذافي وبعد الثورة بأشهر ظه ,remember days beginning chaos libya claimed raped men gaddafi revolution months back,ar,1,1,0,0
